tf_predictions,0,1,2,3
1,-7.706647,12.536534,-8.967463,-5.3663216
3,-25.026506,-66.0717,-46.674263,81.46203
3,-8.853362,-11.02841,-14.176584,15.703228
1,-13.51331,17.128727,-15.692202,-1.6431026
2,-7.0220275,-4.108866,10.454818,1.5904665
0,6.602035,-0.63898706,-0.27670407,-11.91228
1,-5.537024,11.108994,-7.9422927,-4.1722136
1,-7.9089794,10.892605,-9.812853,-1.0326793
0,5.9962935,-1.7338797,2.681736,-11.259896
3,-1.8383219,-11.205482,-0.45629555,3.748348
3,-0.7708255,-13.862933,-11.397028,5.5909896
1,-8.372336,6.7317047,-9.51667,-0.61385274
3,-2.096862,-12.80622,-8.258433,5.9219475
0,4.138695,-3.2007945,2.1280313,-6.6703467
3,-2.14709,-13.566867,-8.555247,6.7590375
0,3.4798324,-1.4455553,0.25512028,-4.8409333
3,-2.279668,-3.5400786,-8.496201,3.1784778
1,-4.7344565,6.821594,0.05738128,-11.673446
3,-0.2374793,-13.906323,-12.509081,5.203707
3,-4.4397335,-8.594209,1.3258427,4.4123373
3,-4.4756646,-3.599567,1.4388673,2.9983563
3,-3.4062922,-0.6435299,-2.2466962,0.96111935
3,-6.696139,-5.1520658,-15.825164,6.9388037
1,-11.663249,9.94359,-2.9243963,-6.535649
3,-5.8345337,-1.3369018,-3.4692852,2.794531
0,1.5837185,-0.46184257,0.6043262,-4.126153
3,0.14978197,-14.6844015,-10.334691,4.327122
3,-26.69798,-89.08726,-30.505014,83.57726
0,4.8488326,1.6238577,-6.6456866,-6.0101175
3,-1.6432651,-12.973397,0.8064743,4.741182
2,-8.179751,-7.225786,10.779882,-2.6716425
1,-9.047569,11.174963,-5.4614043,-7.142817
3,-9.848322,-2.2877,-3.8287985,2.573021
1,-6.8249164,4.535906,-17.4656,3.7123692
3,-0.032456815,-6.857838,-13.295806,6.919207
2,-1.6213748,0.37982175,4.28195,-11.826183
1,-8.117016,13.239562,-10.250406,-3.116929
3,-7.022819,-8.227647,-20.812025,8.986415
3,-5.2587795,-24.255098,-16.127914,22.379835
3,-17.70004,-48.7193,-13.736183,46.048687
3,-7.665635,-5.8939195,-16.58225,6.2752686
0,3.0080936,-0.36301962,-1.9670334,-9.865815
0,0.640388,-6.8130774,0.23697966,-5.1237507
2,-5.164988,1.1018441,3.9630039,-3.542213
3,-10.58622,-5.4040556,-7.528312,7.9424725
3,-11.690168,-1.1445565,-10.531983,10.116669
3,-0.8821547,-13.277131,-11.212583,5.1647334
3,-6.8169236,-11.373265,-16.43732,8.835105
2,-4.1507144,-5.048196,4.9911723,-3.1707478
3,-2.6344662,-12.302063,-0.05928635,5.706195
0,7.2143693,-2.7051973,-3.6378577,-4.764832
0,4.1950164,0.18651006,-9.858144,0.35708314
3,-0.8216114,-11.177646,-13.767299,6.3339925
2,1.1362034,-9.040586,6.875378,-1.8776927
1,-14.57747,14.257175,-16.665743,0.8920812
3,-20.102186,-28.936857,-12.672687,28.347038
3,-21.412899,-55.04991,-11.249291,54.87917
3,-3.96829,1.375223,-2.5261261,3.584926
0,4.905929,0.42373535,-9.094819,0.5436111
3,-22.691927,-60.13729,-19.076866,60.331116
3,-0.42480335,-13.029522,-10.964626,4.5156665
2,-1.8490366,-1.6609881,6.467396,-2.2648394
3,-10.712024,-6.1093,-9.046362,8.687271
3,-2.9527702,-7.166877,-12.771438,6.034105
3,-4.9818406,-6.6335273,0.33400148,4.2135453
3,-5.880486,-56.259132,-22.98275,57.669224
3,0.32885626,-4.8122673,-11.7672415,4.6824546
1,-0.8621112,0.904103,-5.6520724,-5.6813426
1,-5.9745464,7.6342387,-3.9396617,-2.10528
2,-11.951102,0.85373837,9.143863,-7.4412055
0,3.1473887,2.342439,-7.284392,-3.460747
3,-7.3040686,-6.245273,-16.758194,9.875129
3,-27.739777,-136.75604,-47.712204,115.83347
1,-13.321424,14.619111,-6.7542734,-6.8667674
3,-1.4093157,-5.208141,-15.593211,8.518197
1,-17.627003,5.847373,-6.7759542,-1.7764754
1,-11.48325,6.774533,1.4855862,-9.207169
1,-7.945532,8.920713,-6.709745,-5.1209
1,-8.031692,13.811843,-9.965685,-5.201016
1,-5.4098754,12.011966,-8.999133,-3.8538628
1,-5.331805,12.5243,-7.297277,-7.777409
3,-4.9390373,-0.14393714,-9.839228,2.1944242
3,-74.36604,-63.847652,-116.166565,122.76632
0,3.469464,-0.94957566,2.4217427,-5.851035
1,-13.514255,17.104773,-15.661595,-1.6473718
3,-0.66452324,-12.702985,-10.901868,4.4278917
2,-8.311592,-3.89887,10.073823,0.7204419
3,-13.616751,-1.8604724,-7.63362,7.972735
1,-8.787215,5.6422276,2.9044805,-9.849654
1,-13.33975,12.900413,-13.987926,-0.26779202
3,-0.88703346,-13.254943,-11.204631,5.148324
3,-10.489696,-5.048379,-11.81184,9.260535
1,-15.4362545,15.700639,-12.114213,-2.2306054
3,-10.705632,-0.7302721,-8.197697,8.788171
3,-0.4722602,-12.965747,-10.952902,4.4993553
3,-11.693477,1.5903684,-10.893968,8.810234
1,-4.857196,7.1671042,-8.136966,-4.4004645
2,-10.608743,3.7694807,4.1944585,-5.8250356
1,-10.168944,4.8457303,-15.560228,4.05357
1,-13.513156,17.10098,-15.659207,-1.6468778
1,-1.1481497,5.3647795,-6.1559997,-8.832987
3,-14.224272,-24.635294,-17.404749,29.756643
3,-4.575029,-8.693685,0.7135031,4.8037515
2,-2.5803158,-12.374343,7.301618,1.46594
1,-2.7396896,6.989927,1.2512176,-14.292145
3,-0.69574666,-12.661667,-10.894073,4.4175415
3,-0.44826436,-11.510674,-13.504403,5.965565
3,-7.3905067,-5.9004464,-12.34886,12.514451
2,-12.028338,-6.4579005,10.408383,0.74640614
3,-54.215363,-53.61602,-55.95449,83.067924
3,-7.6049604,-5.9424834,-16.566183,6.2624583
3,-11.206684,-0.7357419,-13.173628,9.756384
1,-16.16324,18.381226,-14.4407835,-2.515474
1,-16.866217,12.371554,-12.313435,-0.17357773
3,-0.86278903,-13.36823,-11.24484,5.2324767
1,-16.150381,18.381895,-14.475156,-2.509808
3,-4.167054,-1.8588378,-5.110714,2.9351506
3,-0.9963877,-10.989799,-12.128535,2.9218962
3,-10.829111,-7.4683537,-7.5209074,8.070051
3,-4.9449644,-0.5292657,-5.002253,5.6580615
3,-7.036338,-8.205538,-20.804338,8.99549
2,-12.496873,-1.6640549,8.047788,1.4080596
3,-2.959239,-1.7434856,0.79340565,3.2137902
1,-8.028028,10.16714,-8.5046015,-4.231305
1,-10.177882,10.23458,-8.9221945,-4.4124827
2,-7.464555,-2.6701856,5.3716335,0.61008435
1,-16.155972,18.391973,-14.47808,-2.513054
2,-3.6395085,0.88392204,3.1592047,-1.3035879
3,-5.8678007,1.2163777,-3.2424848,4.682285
1,-5.593155,11.216054,-7.9555984,-4.201137
1,-6.644287,8.533313,-12.402966,-6.157498
1,-8.222062,5.806676,-16.81449,4.908823
3,-5.7754364,-41.847202,-21.94573,44.11998
1,-12.225318,7.223475,-0.50927866,-4.091084
0,3.8622644,1.4600326,0.16228223,-12.471605
3,-14.317497,-16.757467,-8.055588,21.004898
3,-0.058553427,-15.081731,-10.728329,4.995024
3,-0.82949626,-3.413429,-0.016281359,1.7071555
2,2.3920653,-1.3895166,3.8121638,-6.0762305
3,-0.87242043,-13.493569,-11.3264065,5.381596
3,-1.1406093,-12.386698,-10.806617,4.5673633
3,-10.767766,2.5273376,-13.328388,8.967811
2,-12.776452,-3.1525755,6.6150584,0.79284626
0,4.4059215,1.6305752,-4.4179196,-7.8120103
3,-7.283361,-7.263806,-12.101047,7.0441427
0,4.081311,3.0528498,-2.3796933,-10.321253
3,-9.96737,3.0958219,-16.010427,3.5244825
1,-12.317626,7.4265485,-0.54940444,-4.172007
3,-6.9528875,-1.7711902,-11.35237,6.4374766
1,-7.479969,4.161515,-17.54006,4.1069317
3,-5.3676004,-2.5148458,-7.4561324,5.402255
1,-1.0314711,2.9788733,-5.602561,-9.091657
3,-1.2911072,-8.387885,-17.264578,7.6611896
3,-12.969334,-30.953661,-14.025302,35.372826
3,-9.256314,-4.200973,-2.030277,2.6193354
2,0.80868924,-6.115847,1.2879176,-0.2132501
3,-11.4202795,-35.95031,-18.586546,38.02839
3,0.23961881,-14.747009,-10.351363,4.296209
1,-12.927876,17.61696,-14.591068,-2.305843
3,-1.9815727,-12.956085,-8.281569,5.963972
3,-3.193876,-0.04886586,-2.7261329,2.1624606
3,-7.662304,-5.9158745,-16.56935,6.285629
1,-7.7088346,12.535509,-8.970803,-5.3607135
1,-16.161856,18.402563,-14.482194,-2.5159066
1,-5.6738443,6.4741096,-7.3001876,-2.247545
3,-0.44730064,-14.222177,-10.690469,4.782416
3,-2.7067504,-10.750688,-15.378669,7.895914
3,-2.9285052,-7.137585,-12.72539,5.9586697
0,3.5910668,-0.077852994,1.1136659,-7.49542
0,-0.74094665,-3.3494892,-2.7595966,-4.307506
3,-22.607893,-95.28746,-36.804928,100.065575
0,3.5841506,-1.1238286,-9.94711,-1.5830038
3,-0.89390707,-13.407832,-11.299079,5.3226457
2,-3.8736885,-6.3354,8.913116,-0.042270362
1,-11.483879,6.774071,1.4850028,-9.205752
1,-1.0333122,2.9649916,-5.6107507,-9.063452
2,-2.0727537,0.10244271,5.701543,-10.80527
1,0.3037393,3.0435624,-7.8862667,-8.597785
2,-0.14746568,-10.909994,4.259388,1.3349068
0,3.7497842,1.8309778,-4.592317,-10.534967
3,-3.4938142,-96.089584,-37.007336,74.695885
3,-0.13152775,-14.1613865,-10.321836,4.220814
0,3.5556357,-3.0326324,2.277919,-8.977561
3,-2.373707,-10.211406,-2.8223658,2.4868984
3,-1.2703788,-12.294677,-11.121475,4.7852006
3,-12.088023,-17.090271,-14.185558,24.601181
3,2.4830735,-1.1015887,-6.8406878,2.5006387
2,-5.355631,-2.4503458,8.490785,-6.8139586
1,-13.844958,16.242582,-16.495182,-0.16171592
2,0.8176657,-11.741,9.696395,-3.3906763
0,3.4861362,1.2058363,-2.8770869,-7.830092
1,-12.319635,7.431915,-0.5510527,-4.174072
3,-17.85168,4.102176,-13.899896,10.5042515
1,-5.551936,11.137843,-7.9456863,-4.180329
1,-1.3917739,6.83799,-4.076407,-10.832607
1,-15.59216,18.690134,-14.199976,-2.536594
1,-10.1031885,8.568934,-5.7844415,-1.2911501
2,-6.7014117,-3.6327467,6.890387,1.5329309
1,-13.321492,14.620499,-6.756192,-6.8662477
1,-12.957097,13.959547,-7.4760766,-4.363353
2,-13.92952,0.8574278,4.8335557,-3.1691432
2,-6.697337,-3.2232273,6.188437,1.7928116
2,-7.345074,-4.7775393,10.443195,-2.3240552
1,-13.444292,16.97514,-15.653256,-1.5927207
1,-9.486357,4.649332,-6.4353595,-5.581969
0,5.4989724,-7.899197,2.9659786,-7.61866
3,-6.3729973,-7.194193,-20.087063,8.89529
1,-13.758031,10.36885,-1.1690731,-8.5464325
1,-8.034527,12.2192545,-9.142118,-3.3525834
1,-8.032662,13.811675,-9.967285,-5.1989574
0,4.412284,1.3768499,-1.7282917,-9.754383
3,-1.5673766,-12.310138,1.9444563,3.5418217
1,-12.961169,7.8281126,2.624983,-9.543088
3,57.58974,-234.62885,-63.53909,129.3149
3,-1.1855159,-3.7277646,-0.93757296,2.487014
1,-5.302122,12.47582,-7.2826676,-7.768613
0,3.6991103,1.2224904,-3.9702246,-8.583851
1,-14.314012,15.1296015,-17.510698,1.4145548
2,-1.000258,-7.8694835,7.06438,-1.3911467
3,-13.419715,1.4348725,-11.373376,9.106982
3,-0.17494735,-14.05363,-10.30849,4.157341
1,-14.765525,7.9635825,-4.753485,-3.0338814
1,-13.498177,17.09693,-15.683085,-1.6340845
3,-5.0280766,0.8620289,-2.6361692,3.2045472
0,5.3980017,2.2398543,-7.661759,-4.7387943
3,-5.2763276,-5.5879235,-5.538672,5.078867
3,-0.3853809,-6.9235716,-14.126393,7.6501584
3,-1.1984084,-9.205617,-14.285972,5.9296
3,-46.63654,-23.771545,-47.945934,52.76182
2,-3.9077165,-9.496097,10.043282,-4.0197687
2,-10.500646,-2.1827786,6.070575,-3.8099813
3,-0.6451348,-12.731907,-10.908004,4.437424
2,0.96185493,-7.2261777,7.823197,-9.546619
2,5.778065,-6.160447,7.842172,-12.128696
1,-0.07967237,7.534956,-8.8373165,-3.601671
1,-13.946961,8.001771,-3.8415582,-1.5400383
3,-0.7817025,-13.76017,-11.377305,5.5201306
2,-7.91234,-0.26886034,5.7756267,-5.914948
2,-2.5846484,-10.426069,10.02294,-4.4136634
2,-11.603651,0.09533742,8.4840355,-4.6243205
3,-13.481496,-50.50803,-22.70552,52.880444
3,-10.710735,-6.069964,-9.072899,8.672824
0,3.8395703,0.4158344,-5.4059424,-5.7053027
1,2.3592398,5.5249476,-8.545373,-9.361091
2,-4.600413,-4.4294834,2.9689956,-4.6998096
0,5.3804097,2.2658055,-7.666539,-4.7463384
1,-8.213304,5.75843,-16.919916,5.017301
2,-0.19580415,-1.3032166,3.4029179,-6.3601274
2,-5.3549843,-11.513293,11.417077,0.23915488
2,1.6897331,-3.4202604,2.6903899,-6.217014
0,4.625869,-2.6414747,3.9443276,-10.360571
3,-6.296298,-7.316498,-20.127117,8.97597
3,-8.284371,-1.585912,-3.9608061,5.285879
3,-0.57148683,-12.832521,-10.927539,4.4647245
1,-5.244588,12.384835,-7.257951,-7.7533774
3,-4.6079893,-2.6491175,-0.022630088,3.3912349
3,-5.1162977,0.36604378,-2.9820964,3.8769536
3,-4.306059,-18.084951,-4.974833,17.775862
3,-1.3396094,-9.350193,-12.767229,2.8475282
1,-11.174889,5.0862722,4.150522,-10.375236
1,-12.684316,12.691389,-5.9679265,-5.2532797
3,-0.47614583,-14.240006,-10.731015,4.848681
3,-7.0382037,-8.290065,-20.802767,9.046493
0,3.6907423,1.2473778,-3.9770496,-8.592286
3,-2.8376405,-7.156753,-12.336297,5.6697917
1,-8.728701,5.666703,-16.66909,4.846857
0,5.971733,2.7462735,0.40679252,-16.14147
0,3.9102108,-2.4372244,-11.836968,-0.8304284
1,-10.560355,5.479715,-5.9400043,-0.57906073
1,-11.482775,6.771236,1.4853427,-9.205309
1,-12.969369,8.726306,2.7029078,-10.949191
3,-4.9862347,-6.6350226,0.3218754,4.2235837
3,-1.1825027,-3.7422237,-0.94066477,2.4974914
1,-13.51028,14.552056,-15.440057,0.3821975
3,-2.2937026,-6.14907,-9.769134,4.7259526
2,-9.064814,3.2490654,3.9690816,-7.9253526
3,-0.5797187,-12.822585,-10.924989,4.4625583
0,3.6492157,0.9791638,-2.838447,-7.777226
0,3.5601325,1.8486156,-9.910077,-4.0240655
2,-3.847273,-1.8956678,7.8252425,-6.300305
1,-14.574654,14.266494,-16.668783,0.8844307
1,-12.884814,14.890942,-14.567605,-0.34223592
1,-11.948363,5.01726,2.7406046,-5.581975
3,-10.779711,-1.1310116,-9.628422,7.044281
2,-8.468578,-7.262447,9.343294,-1.5446322
1,-14.765702,7.963444,-4.7536354,-3.033164
0,5.585408,-0.6555672,-14.62223,-4.2891197
3,-7.5894027,-5.979427,-16.586607,6.3039455
1,-15.09504,17.71683,-13.872659,-2.2678037
2,-0.637722,-8.963008,9.941454,-7.4084587
3,-7.0467186,-8.1795025,-20.797464,8.964957
1,-14.065593,7.311822,-7.857948,-3.8993082
3,-1.6587148,-12.89993,0.86961955,4.6697574
1,-9.8577795,8.102119,-12.70692,-2.0904343
3,-7.569398,-49.372574,-24.298151,53.786053
1,-16.154364,18.389093,-14.478152,-2.511654
3,-1.3249675,-12.523957,-11.286403,5.0913243
3,-8.275652,-3.9202597,-19.708677,10.387006
1,0.31325105,4.820168,-8.679599,-8.638213
3,-4.542838,-8.664785,0.87222475,4.697147
3,-3.5545943,-1.9807138,-3.6678016,5.006788
1,2.5986583,4.6167006,-10.154798,-5.58858
3,-0.4812989,-14.266956,-10.75062,4.884282
3,-0.8634529,-13.362907,-11.2429495,5.228128
1,-5.3300686,12.522505,-7.296301,-7.7773256
3,-0.82672346,-11.1928005,-13.787918,6.366116
2,-8.777465,-0.5949803,6.4602494,-2.6089258
3,-1.5791047,-13.278922,0.6306368,4.9581757
3,-6.1961966,-3.1415124,-12.106318,3.4120512
1,-11.179395,7.7542706,-4.4714584,-4.5599394
2,-2.2688146,-4.3456144,7.145308,-0.72819656
3,-0.5741198,-12.827458,-10.926081,4.462206
1,3.4651573,5.0861173,-10.113269,-7.2178626
2,-4.1055317,-7.2605553,10.747703,-4.5101466
1,-16.161064,18.375784,-14.437015,-2.514101
1,-16.59907,15.716529,-17.419802,0.5000542
2,-6.124523,-2.0514224,6.989223,1.4925268
2,-7.654673,-5.5588627,5.97521,1.7057366
3,-11.317685,2.4389288,-10.263305,9.0020275
3,-2.9992423,-5.305647,-6.3584476,5.6798434
3,-8.058868,-7.2298474,-18.073055,7.157517
3,-0.059057683,-15.075163,-10.725507,4.9893966
0,3.6070259,-2.0146925,-1.1530552,-6.473991
3,-10.7227,1.6949625,-12.215357,6.367307
3,-6.985835,-0.16494972,-9.902186,0.19902664
1,-8.215436,5.632207,-11.173967,-1.9233344
1,-1.1417849,2.9056675,-5.585005,-8.988349
2,-4.592497,-12.558249,10.33363,1.1639328
3,-8.365297,-2.1072254,-1.4270476,1.9787109
3,-11.254711,-6.07048,-9.940712,10.515325
2,-0.83699834,-0.1806126,0.60794926,-6.0589757
3,-8.526758,-3.9173496,1.2401094,1.6535146
3,-13.425261,-9.034184,-10.680708,18.316105
3,-10.028786,-0.1157541,-18.85361,10.120609
1,-5.590229,11.212279,-7.954699,-4.201101
1,-10.134694,12.777697,-17.605608,0.9371378
3,-4.7725067,-9.377727,-10.934104,5.6179338
3,0.15000561,-14.600604,-10.34368,4.2684836
3,-0.0194107,-11.477754,-15.189353,4.757639
2,-6.7762804,-4.734646,6.419348,1.2187748
3,-10.396141,0.037831273,-12.144681,5.92952
1,1.9770924,2.3752208,-5.7643104,-5.868565
1,-14.7743845,7.9366903,-4.7636485,-3.0038059
1,-17.81227,6.0006795,-6.538988,-1.9642863
2,-2.824284,-3.7436647,5.5758586,-3.6450865
3,-6.670779,-13.554824,-20.711258,17.81096
2,-12.759784,-6.4561276,11.181437,0.9447933
1,-7.943038,13.73502,-9.655591,-5.4101667
3,-5.9653044,-4.7717795,-8.391116,6.789518
3,-11.758445,-3.4833903,-12.970349,8.225438
3,-1.4253446,-10.151789,-13.929158,6.0650764
3,-13.805982,-88.693535,-25.270523,85.44724
3,-7.836654,-8.000285,-18.006765,7.5041394
3,-0.93004215,-6.213363,-9.856154,7.569266
3,-5.772948,-5.7289066,-2.6036277,-1.018933
3,-2.3615258,-9.305188,-10.494878,3.4187772
3,-0.14795966,-8.670121,-12.282609,6.7557416
1,-14.744929,16.435976,-13.194203,-2.2148144
1,-8.361828,13.644736,-10.195888,-3.2105398
3,-11.762386,-0.5006073,-11.925977,8.150976
0,4.0211163,1.9235148,-8.170544,-3.3549728
2,-6.5727496,-0.59676915,9.333821,-0.78514475
0,5.2025313,-0.4855902,-8.706997,-6.2204604
3,-1.1697589,-9.1772785,-14.231999,5.849364
3,-2.4967906,-4.702176,-10.842355,5.179765
0,4.470702,2.0857234,-2.8553898,-8.254852
2,-2.90749,-10.746675,11.238493,-3.8910599
1,-12.889747,10.4422245,-16.796356,3.2160776
3,-0.5840974,-12.828017,-10.929466,4.471859
2,-6.66657,-3.72483,6.9198556,1.54584
1,2.5964332,4.0752497,-7.273594,-8.966802
2,-3.7014573,-12.312394,10.908935,-0.4430377
3,-0.81854093,-11.181334,-13.765246,6.3316264
3,-11.75516,-3.081295,-14.593711,12.952456
1,-8.193036,5.7579174,-16.848665,4.947111
3,1.3510246,-17.943546,-2.5423307,12.479612
2,-3.9193323,-12.629893,10.774446,1.2806702
1,-7.4926143,4.174169,-17.565454,4.117528
1,-16.124643,18.335627,-14.462381,-2.4946032
3,-6.0582314,-2.3668633,-5.149866,4.8705044
1,-8.139317,9.517105,-2.523864,-8.291455
3,-1.2142593,-0.84411424,-12.996103,6.9457746
3,-10.639383,-5.0204,-7.2491717,9.568371
2,-0.044100374,-8.473849,6.3067346,-6.5724125
3,-0.049076647,-15.167021,-10.763329,5.0648055
0,5.5130615,2.1040714,-10.707381,-6.238155
3,-11.218631,-6.04038,-10.68299,9.166684
1,1.6362962,2.957533,-4.9002957,-9.8288145
3,-13.572481,1.6164556,-12.9094715,8.57732
3,-7.039505,-4.23758,-5.374388,4.249097
1,-7.950172,8.926009,-6.7118907,-5.1194997
3,-4.790945,1.6955527,-2.2757118,1.8761716
0,3.9901764,-3.6269403,-1.0035485,-1.8821778
3,-2.8604388,-4.160817,-13.992133,5.933761
1,-15.175294,14.486852,-17.870737,1.5717108
3,-6.3840327,-7.192677,-20.084055,8.893903
2,-10.521624,-1.9106991,8.311062,-3.1889725
1,-8.021076,13.817382,-9.950067,-5.228374
3,-4.360456,1.6959252,-13.189385,1.9787979
1,-15.556814,14.104744,-17.523264,2.354415
0,3.8309796,0.706376,-9.222246,-1.9819937
1,1.7513422,5.406409,-9.488965,-7.401401
2,-2.2703917,-11.329241,10.684438,-5.2511377
1,-15.592023,18.6934,-14.202431,-2.5381315
1,-3.2147284,8.318896,-5.981211,-5.7517476
3,-2.738107,-2.3914738,-1.2465587,2.745996
3,0.11624959,-14.551967,-10.343998,4.2647233
2,-5.118195,-2.5364466,9.917653,-8.685922
3,-2.5492587,-4.933739,-11.567174,5.811085
1,-7.7007046,12.539418,-8.958614,-5.3813877
3,-2.034479,-12.202767,1.6551914,4.087639
3,-5.4508624,-2.514544,-4.6584363,3.1778524
1,-13.512452,17.098574,-15.65768,-1.6465819
2,-7.9251556,-6.2714047,8.959842,-0.43935746
3,-4.899886,-10.684674,-11.486892,5.9231925
1,2.5868812,4.7811337,-9.023866,-7.7553396
2,-10.829955,1.2169609,6.566383,-4.838044
2,-10.097646,-1.3408365,5.6263046,-0.4290802
2,-8.354476,-7.078629,12.07694,0.35558277
1,-13.5058565,17.110807,-15.684649,-1.6392808
3,-7.993256,-7.0767136,-16.745075,7.5632014
3,-7.493831,-4.5995293,-12.323186,5.127764
3,-0.05641696,-15.08722,-10.729754,4.9979844
2,-8.12146,-5.562616,10.41843,0.0366264
3,-4.5544844,-0.6271446,-2.1886456,2.937899
3,-5.3745823,-0.28966275,-5.3673606,6.417743
3,-2.5470965,-0.030450735,-3.7532022,3.3367436
3,-0.10181171,-6.3236346,-9.987229,3.7381449
3,-9.989463,2.995998,-14.3369055,3.782906
3,-2.1567798,-4.652981,-2.005754,4.1308045
3,-11.823146,-9.19926,-22.901104,19.458313
0,4.2552915,0.5412092,-2.1072364,-10.2846575
3,-2.7567067,-11.436978,0.7228173,4.803581
3,-4.324329,-15.997272,-7.838193,18.105755
0,4.604114,-10.308869,-5.254202,-4.2158833
1,-12.940017,14.010286,-7.529142,-4.3769603
1,-1.3497593,3.0065355,-6.0073237,-8.649599
3,-2.3235004,-7.497584,-10.755578,9.087028
1,-5.466405,10.971151,-7.9262347,-4.132746
2,-3.6003926,-1.6621714,6.7239876,-4.456799
1,-16.165096,18.385874,-14.443997,-2.5166507
3,-4.535932,-0.63845545,-2.1298537,2.8997912
3,-17.031162,-55.26328,-14.830789,53.25301
3,-4.423831,-7.273257,0.977775,3.9176772
3,-1.8358983,-11.214093,-0.4606683,3.7527483
2,-6.6874485,-9.277059,11.12831,-0.15183634
3,-15.542844,2.144224,-12.502278,6.5833397
3,-7.412297,2.0960715,-14.475392,5.208015
1,-8.232746,11.125139,-10.392843,0.7718692
2,-5.2215757,-4.1521635,9.509709,-2.3865974
3,-12.672488,-15.156197,-11.109007,19.652308
1,-0.47445855,6.997435,-7.4454603,-6.354153
2,-3.450033,-6.6594186,10.031452,-0.2402839
3,-1.6318715,-13.024872,0.77654696,4.776965
3,-0.7566663,-11.173683,-13.452117,6.067591
1,-8.023199,13.8160715,-9.952934,-5.223038
2,-5.189169,-3.579307,3.6707382,-4.816604
1,-13.51294,17.127893,-15.691834,-1.6429622
1,-0.7040684,4.603627,-4.003366,-7.270901
1,-8.035246,13.810737,-9.971551,-5.1921716
1,-8.142634,9.514058,-2.5185273,-8.282143
3,0.30471405,-4.7770367,-11.651213,4.609921
3,-13.506233,2.565436,-12.319945,9.21288
0,5.3938403,-1.025996,-3.4319656,-5.3214674
3,-3.1457067,-46.00586,-13.809562,42.925926
1,2.6676621,4.4042625,-9.734646,-7.8531985
1,-2.2718036,4.5314317,-5.7953944,-2.6344986
2,-10.055043,-2.7148175,7.875201,-4.1090145
3,-10.851425,2.3253546,-13.309659,9.175984
0,3.2573984,2.584784,-7.58192,-4.379807
1,0.5058491,6.963243,-7.0569234,-6.7001905
1,-13.325196,14.619183,-6.758351,-6.858952
0,3.500409,-0.108253986,-4.1273904,-5.586023
3,-8.060057,-0.4543573,-12.380537,7.458611
1,-3.9619105,7.730972,-4.647277,-7.1219764
1,-5.1189003,3.8800318,-0.44928312,-6.2311206
1,-16.148535,18.378704,-14.474977,-2.5084424
3,-8.521531,1.2272787,-12.95312,8.566398
1,-5.2764654,12.43678,-7.272738,-7.7627983
1,-12.976771,13.901104,-7.41491,-4.3479733
3,-12.910987,-32.748714,-15.872275,39.125153
0,1.9088413,-1.8668113,1.2959797,-6.744055
1,-6.8294945,4.5582485,-17.460318,3.700059
2,1.3256704,-2.003422,3.0880048,-7.712632
0,1.5476753,-1.3925245,-0.519099,-10.2508745
3,-0.83819973,-13.49389,-11.292331,5.3297114
0,6.2627816,0.20854947,-9.518027,-5.7130747
0,5.607681,-0.6880308,-14.62544,-4.279089
1,-8.260127,5.053985,-16.728369,5.025324
0,2.0104918,0.44716808,-2.877344,-9.460162
1,-15.073525,16.977247,-11.444201,-4.916944
3,-11.400347,0.560992,-13.743314,8.677053
3,-0.8373445,-10.361527,-16.363377,7.4250956
1,-7.8847003,13.462918,-9.576124,-5.360185
3,-18.163378,-77.39302,-20.216516,76.284966
1,-11.294494,12.788072,-10.606908,-1.8402972
3,-0.14674088,-3.425136,-12.694178,4.597
3,-9.656438,0.052285876,-15.794739,11.394139
2,-5.136258,0.8733513,4.6740317,-9.215408
3,0.14978018,-14.6078615,-10.347381,4.275734
3,-0.038571924,-15.259269,-10.800951,5.139922
2,-4.180238,-2.420831,10.824161,-1.6425242
3,-32.168137,-122.536095,-39.617405,109.5047
1,-8.132703,12.419425,-9.460727,-3.207154
1,-5.149438,4.355356,-10.185855,2.1478539
3,-2.1332839,-4.3691945,-1.0324117,3.40712
2,-4.1281614,-7.530297,7.76907,0.4075294
3,-10.784026,2.351551,-13.354348,9.135655
1,-10.528496,6.0165143,-5.005986,-7.179643
3,-4.996993,-5.5140314,-9.72317,9.9360285
2,-8.405367,1.9452527,8.589327,-2.7078507
3,-4.1901183,0.46561047,-0.30314755,2.5317752
3,-4.1405954,-1.8290305,-5.1012473,2.914687
1,-12.908219,11.023108,-3.5960243,-8.092658
1,-1.317548,1.3276992,-1.4491624,-4.3795853
3,-13.502133,-1.8030334,-11.21366,6.8494964
1,-8.095754,11.095648,-10.04886,0.40620744
2,-1.9719296,0.93727344,4.106292,-9.26099
1,-10.924575,8.5170145,0.99856675,-8.59999
3,-6.36409,-7.2086425,-20.090488,8.910556
1,-16.154644,18.389578,-14.477393,-2.5122776
2,-1.8969918,-10.222207,10.1945505,-3.5596468
1,-8.085396,10.904935,-7.1111836,-5.608417
3,-11.403684,0.8883924,-13.221724,9.330152
3,-2.4098153,-4.656297,-11.156819,2.9748259
1,-9.486884,4.6491365,-6.435609,-5.581124
3,-12.80045,-4.835895,-2.425942,3.7176957
3,-10.7057495,-2.5799549,-14.308585,13.56215
2,-3.9022427,-5.623965,9.816604,-0.8630571
2,-4.2249637,-1.7208029,9.694764,-7.817602
2,-8.531276,-9.134847,4.3463197,-1.4698083
2,-12.09096,2.283134,5.2128396,-4.8299026
1,-12.9408655,14.010353,-7.5296707,-4.3756986
0,4.2955794,3.7197094,-10.272013,-3.0260417
2,-10.400836,-1.9480433,7.5137095,-1.1559324
1,1.6928631,4.2805576,-7.868272,-4.984223
1,0.41672876,1.7820117,-4.5627656,-7.020489
3,-5.8538847,-1.2955508,-3.4181757,2.7242787
3,-3.217903,-8.750168,-15.119275,5.691047
0,5.3865943,1.8500019,-5.0364776,-8.888718
3,0.6533878,-1.2742486,-14.957574,4.782072
2,-0.47309792,-1.4677932,6.9636955,-7.132941
1,-15.544173,18.639719,-14.165796,-2.5525446
3,-5.5605145,-60.012226,-18.398424,56.286617
2,-7.579545,-2.1261747,6.0455737,2.1674454
3,-7.048753,-8.175527,-20.79619,8.959723
3,3.18558,-59.086765,-24.668486,52.275738
2,-0.17088768,-7.538504,0.18836057,-1.1854901
3,-5.723822,-9.680112,-16.037434,10.891749
3,0.10981861,-14.857942,-10.498373,4.5663714
2,2.5930614,-2.1623511,5.90987,-7.6260653
1,-12.961175,7.828113,2.624982,-9.543082
1,-16.219105,18.46018,-14.513322,-2.5048811
3,-1.3676624,-4.067009,-14.154726,6.7005486
3,0.008117586,-15.249686,-10.762898,5.0714555
3,-32.528526,-91.967384,-2.6427238,85.30828
1,-16.164513,18.383615,-14.442653,-2.515751
3,-7.6519675,-5.9250884,-16.598919,6.299105
0,6.733676,1.6023302,-0.49630523,-10.514954
1,-0.613679,3.951463,-5.037951,-9.105594
1,-7.806731,13.345483,-9.578647,-5.404492
1,-13.5139,17.103542,-15.660824,-1.647207
3,-0.6276144,-12.764262,-10.91619,4.4517903
3,-2.271257,-7.6501813,-15.037371,9.330611
1,-0.71886873,7.033772,-3.6323104,-9.220543
0,4.578877,1.6520548,-5.6939626,-6.535564
2,-5.6384063,-10.976506,7.4189806,3.4359012
1,-11.666054,3.5866785,-2.5466292,-1.2462251
3,-4.286476,-1.5086131,-5.354148,5.746184
3,-12.924188,0.7657561,-6.912769,8.72391
1,-16.166,18.388092,-14.445546,-2.5171928
2,-2.2864068,-2.6668496,5.1216774,-3.3216844
3,-26.039793,-52.073837,-5.118236,45.42523
1,0.98866844,4.9809613,-6.283735,-5.2503295
2,-0.92595816,-5.9462295,5.571296,-5.6622477
2,-9.340184,2.6099398,6.274356,-8.074761
3,-0.040908784,-15.192029,-10.781766,5.0980983
3,2.4396636,-55.83546,-26.845184,51.23375
0,3.4271228,-1.5612216,-6.3061676,-3.743317
1,-11.43102,6.4657083,1.4613237,-9.047274
3,-17.046278,-228.55603,-254.36702,177.13828
3,-0.8150754,-11.158814,-13.739882,6.2927737
1,-12.872375,17.57273,-14.547716,-2.3413477
2,-8.289246,-1.5421667,6.1051593,2.8915908
3,-1.6971956,-14.124089,-11.45717,9.535831
2,-4.794817,-10.649843,10.032498,1.7013903
1,0.31234232,3.7834601,-5.3023887,-9.826305
1,-7.9542236,13.700526,-9.629235,-5.3773804
3,-3.1535227,-30.817823,-10.443486,29.79115
3,-1.1745566,-8.319749,-16.890179,7.377748
0,5.6395783,-0.62858194,2.5358353,-8.155729
1,-10.508049,4.790298,-10.891803,3.6911726
2,-11.661469,-0.21312922,2.766719,0.39105755
2,-4.3211026,-0.924187,7.0031576,-1.5392008
3,-7.6571665,-51.486076,-24.24863,56.144012
3,-2.549012,-12.270349,-8.166076,5.796326
2,-1.50491,-0.8462053,4.095964,-9.088052
1,-11.662563,9.946141,-2.9270895,-6.53662
3,-6.5894156,-0.89902693,-10.714034,5.4965925
3,-5.0118294,-6.6770215,0.24429083,4.309911
3,-25.144976,-53.010086,-10.490533,54.18928
3,-11.424436,1.9193416,-9.836388,9.57671
3,-11.061637,-1.2730451,-13.346982,10.196916
2,-8.09449,-0.13612393,7.3384204,-8.606309
1,-15.431247,15.691188,-12.112648,-2.2271743
0,6.7432237,-0.17141727,-1.9413153,-9.480352
1,-3.1282737,2.9618602,-5.8781056,-1.4527647
3,-0.9474721,-13.11164,-11.183276,5.087053
3,-2.9098823,-101.219826,-72.89272,99.422905
3,-3.057846,-9.215702,-1.6921823,4.461513
3,11.154282,-76.9768,-54.530025,61.559753
1,-8.104089,13.203653,-10.243684,-3.1037946
3,-103.997086,-128.1866,-108.648094,174.74083
1,-1.149327,2.8819895,-5.566746,-8.975851
2,-3.6853068,-12.338014,10.906709,-0.44100255
1,-8.029914,8.573882,-7.340388,-2.4365327
2,-11.593304,-0.041195486,8.361138,-4.463857
1,-7.114521,3.2957077,-14.376918,1.6580114
1,-7.449484,9.683206,-9.481834,-2.1644683
3,-4.554099,-0.6278781,-2.1863515,2.9365463
0,3.0111082,-9.975987,-7.654304,-2.7283459
1,0.639855,2.3246808,-4.3162036,-5.1590915
1,-8.794101,5.685944,2.911719,-9.876539
3,-4.6722584,-4.1774993,-4.393677,7.466532
1,-16.181734,11.900022,-15.041503,5.0431795
3,-1.0799792,-4.1333327,-0.32568038,2.679646
1,-5.0206156,13.307504,-8.756572,-6.928227
1,-16.165922,18.387934,-14.44542,-2.5171714
3,-6.179895,-2.904106,-4.7889113,3.8048885
1,-5.6548843,11.243996,-3.1137953,-11.295112
1,-12.706094,13.921517,-10.002938,-3.7202058
0,4.8542857,-2.083306,-3.7803156,-4.988859
3,-2.501128,-9.077538,-15.485486,6.2601085
3,-4.5121355,1.7999084,-2.5136607,3.5816505
0,0.7364092,0.43751463,-7.895614,-1.5790191
0,4.490743,0.8210675,-1.30064,-7.999641
3,-0.5298517,-12.934768,-10.957575,4.522534
3,-1.0709348,-9.119222,-13.88543,5.527764
1,-7.8093543,9.886208,-2.400141,-10.536079
1,-9.060914,11.209363,-5.4847217,-7.141807
2,-4.855686,-5.470708,8.655442,-1.0929108
1,-7.7163067,12.531882,-8.982,-5.341627
3,-0.65697914,-6.377788,-13.118825,6.9856396
2,0.5022533,-7.7369256,0.5600527,-0.54824865
1,-2.5854917,2.881204,-9.978998,-2.983622
0,4.1471744,-1.2478486,2.2323067,-5.7437744
2,-12.888228,1.7930241,6.867759,-7.0457163
0,4.371804,0.6199145,-2.370246,-11.003449
3,-9.77645,-3.0210452,-14.77407,9.891903
2,2.3174536,-3.0967026,5.250919,-6.666113
3,-2.6681108,-10.844225,1.5853202,3.8269367
3,-5.389938,-2.5194082,-4.5823517,3.117898
3,-1.3488938,-9.328381,-12.769937,2.841738
2,-8.147946,-4.9637856,11.306678,-0.2136144
3,-11.667817,-3.629056,-13.006058,8.275834
2,-4.0017967,-10.573723,4.7867947,2.2203112
1,-10.712584,11.200581,-11.241469,-1.7108569
3,-1.6250225,-8.909633,-14.53686,7.7184033
3,-7.050075,-8.167318,-20.795805,8.953851
3,-13.076643,0.93717015,-14.895128,7.691404
2,-6.602926,1.641776,8.0416155,-3.3429556
1,-1.3274168,6.8638797,-4.082867,-10.893662
1,-10.570085,7.54568,-3.430008,-7.7471747
3,-1.2264018,-9.242465,-14.344417,6.017327
1,-6.3050575,4.7619853,-13.45018,1.6157901
3,-1.5384754,-12.373415,1.9167976,3.568635
1,-11.168044,5.024805,4.139992,-10.318115
1,-10.367898,9.763927,-7.5484233,-2.8847542
3,-0.7499411,-11.227142,-13.633487,6.201428
2,-5.984729,-2.7884321,5.433775,-1.2227049
0,5.498671,-5.738449,-14.699183,-1.7864101
0,3.563996,1.3988655,-11.068573,-7.0188527
0,7.5410566,0.36823067,-1.6800112,-11.608266
3,-7.2868056,-4.769725,-20.598104,10.888646
3,-1.1876127,-1.9554071,-2.8333256,3.291481
2,-4.7276716,-4.1977844,2.9407744,-4.7263227
1,-12.836492,15.572171,-15.268323,-1.1147316
1,-4.1575475,2.4229915,-0.9336487,-4.4239526
2,-8.779842,-0.599762,6.46269,-2.605178
3,-2.2551587,-4.1166472,-0.8966885,3.2125208
1,-14.155507,12.591157,-15.633265,1.3793273
3,-1.8074967,-13.192874,-8.321509,6.039196
3,-8.123841,-7.17357,-18.089426,7.166226
3,-8.085792,-7.2013764,-18.08035,7.157192
3,-2.8612316,-4.1610126,-13.992316,5.9340725
2,-12.765287,-3.871241,7.196007,-4.7399335
3,-5.823838,4.3619485,-20.116186,4.552754
3,-7.6448727,-39.45836,-20.922842,40.94067
1,-11.664979,9.939193,-2.9192655,-6.53491
3,-2.8541136,-4.16992,-13.990361,5.9358754
1,0.3875412,2.5368977,-5.6029286,-4.365625
3,-10.5368805,-7.0716343,-12.956777,10.419747
3,-5.850927,4.424644,-20.131617,4.529589
0,3.1245573,2.3207178,-2.5634592,-12.64309
3,-5.0808544,-3.7369056,-4.7650304,4.032154
3,-0.8175936,-11.166349,-13.750434,6.3089137
3,-0.2553184,-6.1630063,-11.018611,10.792403
1,-8.065747,10.871933,-7.1011276,-5.61033
1,-13.839971,16.243603,-16.49908,-0.16375417
3,-1.3282666,-9.371976,-12.761741,2.8500094
3,-11.177375,1.7279999,-13.81788,10.085762
3,-4.6185274,-48.943615,-28.147465,48.951138
2,-8.124039,-0.59181404,10.089417,-6.301253
3,-13.442549,2.683552,-12.298261,9.084349
3,-7.8012357,-8.374454,-1.8376787,3.6649442
3,-9.403814,3.3436043,-11.619086,6.316787
1,-6.8110905,4.5179105,-17.470856,3.7208736
1,1.523964,5.174506,-8.391999,-8.571303
1,-13.500667,17.102198,-15.684644,-1.6355181
0,2.1180027,-4.829202,-0.14178574,-0.55611914
1,-8.156412,12.439967,-9.528963,-3.156694
1,-12.629905,12.69089,-11.741864,1.9557457
3,-10.303878,0.09749636,-14.059158,9.949958
3,-3.0188968,0.82725924,-3.4777098,2.8525348
1,-8.243201,11.05326,-7.1396255,-5.4741263
3,-8.732352,-28.49294,-11.005308,30.612122
0,3.8292859,1.5229163,0.15949988,-12.491238
3,-10.742941,-6.0540323,-9.108836,8.7023735
1,-1.3593699,3.003801,-6.0189223,-8.633007
3,-1.0436931,-12.157621,-10.829862,4.3070097
3,-7.0002456,-0.9364646,-9.624267,5.6086597
2,-1.3650187,-9.945987,12.218249,-4.878276
0,5.300438,-1.7380974,-11.171219,-6.4675555
1,1.8784322,6.585373,-8.856013,-7.3124166
1,-4.919203,3.2238822,-0.2235452,-6.8740783
3,-4.1986847,-1.8260386,-5.1682887,2.9538922
1,-7.42175,5.479641,-18.48224,4.7248325
2,-5.0287385,-3.3350263,10.944955,-6.830916
1,-8.293041,5.131372,-16.744743,4.9969006
3,-1.3361729,-7.1119556,-7.474651,6.243388
0,1.0461984,-3.8401926,0.5208695,-6.857022
3,-4.449608,-1.1684369,-3.2899568,4.573517
0,4.0200987,2.3591247,-4.262654,-12.00886
