pcap,0
12555823075852494433_china,0
6349040045810473864_china,0
3983131735442926004_india,1
7585129863349777040_china,0
735609718172071309_india,1
9389126276423417951_india,1
3149004141682513796_us,2
11669069020363017414_india,1
18203550903012925472_india,1
4834683467110599272_india,1
6969915739876537536_china,0
4168423487143222900_india,1
7385861306296475675_us,2
3803339120031608983_india,1
12881663096040534080_india,1
5359317006914707051_india,1
14163342055118619846_india,1
9042954342352635037_us,2
6276831821328975186_india,1
1663896923175805449_india,1
3160125409346747123_india,1
5982090288327755982_india,1
10795900417372503281_india,1
7665410011684675608_us,2
16074038559589252786_china,0
9762457505546150040_india,1
12402188385551411149_india,1
8494872374939806977_india,1
9729615757064431094_china,0
4586222374607710142_us,2
10027452907707169921_india,1
8220745247894388670_india,1
15249825462200723083_china,0
6572100694954788606_china,0
13897740406116917469_china,0
2643343694111076220_india,1
17391812642536327630_us,2
10817428982444594640_china,0
14095649389914699238_india,1
15574028680955818539_us,2
5305073196554272448_us,2
7725394825154798152_india,1
11773971767719843991_india,1
6284766677424070467_us,2
9820175599977245249_china,0
15806869049900379769_us,2
16428858205504815886_india,1
1294886190183818611_us,2
16724417839240208695_india,1
7949896693499131710_india,1
12023387753110247830_us,2
14115334976519044694_china,0
16854874881523353325_us,2
5261685407227633471_india,1
3457268156388434132_us,2
6642619587687389254_china,0
17757935877301989827_china,0
5570194217308993830_india,1
7010155335676535702_china,0
15890447191725710640_india,1
9512483324502552757_india,1
3472444827289061252_india,1
17311166621352978803_china,0
1802437639309607789_us,2
12399198052412260130_us,2
2004873589963862631_china,0
11071834735492204592_us,2
4278677215714272258_india,1
16565895119949758410_us,2
18439942427610405272_india,1
17038113205187515001_us,2
7774448415358482090_india,1
12944693794749806392_us,2
14967170478799049617_china,0
17930102737584245118_india,1
16103954032814320815_china,0
15125966117823392054_india,1
16037436675570117662_india,1
13806835023216017062_china,0
3368763798871207333_india,1
6785323971786633501_india,1
2478524519654860569_india,1
12474979548873589280_china,0
8833369547533570328_us,2
9046560756276995098_china,0
10006529665427870910_india,1
4629971780655521047_china,0
16512477249662434285_india,1
15297093294670241029_india,1
15137987792822220897_us,2
2643803792563368691_us,2
13604783125885412886_india,1
8767386327809108902_us,2
11028050386745329145_china,0
17638532758057681031_india,1
18038839954748045835_india,1
4742112456534002934_us,2
16513623827844046292_india,1
13213054937942581088_india,1
5603476323719772437_china,0
3631844027836742951_us,2
14563479008522533715_china,0
10235484439229583199_us,2
5567592147818430046_india,1
17080555159460197573_china,0
12358583798202300644_china,0
6301699430350486218_us,2
4350563662666237230_us,2
11156082487410775571_us,2
10053639527312010146_us,2
15859481499427048268_china,0
5583501728910319248_china,0
11042716667542513315_china,0
14757939002640375491_india,1
15240002298434418482_india,1
7056718571011285085_us,2
14278876195212435156_china,0
8273773285251405629_us,2
10416408430365428132_us,2
10566994243272050718_india,1
12913039996142321725_china,0
8992760056718891751_india,1
13549610756391423474_us,2
10762943687658887654_china,0
10938051176931355233_india,1
2248665767442195513_india,1
2356301980961529775_us,2
9352691526847310283_india,1
1866643304209908614_us,2
17991077739447886123_india,1
13587945920656014339_china,0
1196830922230897733_india,1
7069957751365795065_india,1
7547745639995611429_us,2
1412575967744783406_china,0
6767846226421299933_china,0
5097946922418706983_india,1
11578675446364467031_china,0
6219025834376225841_india,1
17576825883230613644_us,2
15836659436371820187_us,2
9064055379357225527_india,1
10028359808845835191_china,0
9250387128065494775_china,0
10994904428058964517_china,0
17836392029005191035_china,0
6657090795800343268_india,1
16024646522823910180_us,2
765670245034074499_us,2
7049790488704755793_india,1
1764550749259420619_us,2
1224603343213343564_china,0
13529419606650065837_india,1
16175985752786981448_india,1
11433932873903011777_us,2
16413093195840406531_china,0
1776349083372043498_us,2
5565107235111569762_us,2
5264570293831379291_india,1
16303848711803958489_india,1
13236524052276412878_india,1
12943909823249946702_china,0
16224662946046458667_us,2
574975210633522943_china,0
2534322852282280970_china,0
292273638962915745_india,1
1573074207247582438_us,2
4944781492204313743_us,2
10595754282091837806_china,0
7679790103138027407_us,2
2487961789324386260_india,1
8980619071083608499_us,2
6056783335982000237_china,0
3732242646375484395_india,1
13682128230572000042_china,0
14882126361953129016_us,2
12147628500239689642_us,2
12949034031821614779_china,0
2250407797907009380_india,1
11059654041825886926_china,0
5178319770916182455_us,2
5594987355856474367_india,1
2345091093375390045_us,2
7333450760516942447_china,0
4667154149335345942_india,1
5028499956992082011_us,2
3526672870397944566_us,2
4555915065147128962_china,0
18098785009707763795_china,0
15886153601384154810_india,1
5275687488072943481_china,0
20737076099269378_india,1
5185175694501437785_india,1
3331985804030131300_india,1
8100102121769483249_china,0
2993555880235862186_china,0
5512852749642170974_china,0
5088047006042737700_china,0
649012030672174243_china,0
9698951750221045630_us,2
17508457460025784514_china,0
1657880826705893514_china,0
13318928587411735826_us,2
13730787684813035396_china,0
12777547836739648_us,2
7051535173130785383_us,2
2155915395976951032_india,1
5026912087542180369_india,1
233890245036079773_china,0
10727528665274157954_china,0
7903438856307251129_us,2
12133668174300860030_us,2
12359304252383297142_india,1
636208148207353572_india,1
10629725831088751900_india,1
16412022763137015999_india,1
3223720863872753462_india,1
15102187066324400841_india,1
10707059978503701969_india,1
5685854594871258770_us,2
1237020808919467161_india,1
12741305886660645689_china,0
16187227995917718680_us,2
13215063648986470038_us,2
4422806310227588038_india,1
7153336121771152464_china,0
5986707241521185208_india,1
10068438816422116856_india,1
1346470874706479482_india,1
3005328346759208981_china,0
17991233111871148932_china,0
17655986352124609139_us,2
1745964371550434134_india,1
4043467883550952839_us,2
15306907869653433949_india,1
3511129219141135781_us,2
4828049028031472924_us,2
