s126_id,s126_data_1,s126_data_2,s126_data_3,s126_data_4,s101_id,s101_data_1,s101_data_2,s101_data_3,s101_data_4
126,101,0,99,99,101,13.436325073242188,12.86016845703125,-7.4594268798828125,-28.673980712890625
126,101,3,99,99,101,-57.08378601074219,21.297836303710938,-5.6855621337890625,30.171249389648438
126,101,1,99,99,101,-32.95622253417969,100.04421997070312,-59.80015563964844,-38.94342041015625
126,101,3,99,99,101,12.369705200195312,-65.75144958496094,-57.41358947753906,36.09001159667969
126,101,3,99,99,101,-17.229690551757812,-6.987030029296875,8.49603271484375,9.960983276367188
126,101,1,99,99,101,-71.02998352050781,37.02540588378906,26.404205322265625,1.329925537109375
126,101,1,99,99,101,-2.6311492919921875,11.582443237304688,-13.672210693359375,-3.4293212890625
126,101,3,99,99,101,4.3615264892578125,-60.05265808105469,-32.95933532714844,34.99757385253906
126,101,1,99,99,101,-64.30018615722656,35.00904846191406,27.459457397460938,-3.0510101318359375
126,101,3,99,99,101,56.92967224121094,-55.17256164550781,-274.4644775390625,125.48236083984375
126,101,3,99,99,101,20.735214233398438,-43.77595520019531,-137.42999267578125,77.8033447265625
126,101,3,99,99,101,-23.436843872070312,-34.096099853515625,-21.131790161132812,31.371551513671875
126,101,3,99,99,101,5.6895294189453125,-37.3609619140625,-58.113311767578125,44.892059326171875
126,101,2,99,99,101,-23.373001098632812,11.413589477539062,12.096603393554688,-4.2586669921875
126,101,1,99,99,101,-34.93217468261719,29.899276733398438,5.1325836181640625,-23.941314697265625
126,101,0,99,99,101,25.49310302734375,-17.239974975585938,-60.608001708984375,24.041305541992188
126,101,3,99,99,101,4.642913818359375,-28.199554443359375,-16.7081298828125,19.889297485351562
126,101,1,99,99,101,-6.3369903564453125,6.5245208740234375,-0.73114013671875,-4.983001708984375
126,101,3,99,99,101,-21.582382202148438,-29.127105712890625,-32.44664001464844,40.67713928222656
126,101,3,99,99,101,-20.940277099609375,-44.355560302734375,-42.81391906738281,48.63926696777344
126,101,3,99,99,101,21.026992797851562,-33.61189270019531,-156.00111389160156,74.52981567382812
126,101,3,99,99,101,20.470718383789062,-35.2735595703125,-143.49160766601562,72.31404113769531
126,101,1,99,99,101,-47.50798034667969,103.75724792480469,46.71284484863281,-160.22137451171875
126,101,3,99,99,101,-9.762802124023438,-2.7821044921875,-19.325927734375,14.460800170898438
126,101,3,99,99,101,-19.615386962890625,-11.55487060546875,-7.3541717529296875,16.383071899414062
126,101,3,99,99,101,-2.1689910888671875,-6.89263916015625,-1.9550018310546875,9.782577514648438
126,101,3,99,99,101,55.706298828125,-63.53440856933594,-181.5499725341797,76.97628784179688
126,101,0,99,99,101,37.80732727050781,-18.902557373046875,-109.34535217285156,35.813018798828125
126,101,0,99,99,101,6.8598175048828125,3.1646881103515625,-8.20458984375,-5.6054534912109375
126,101,3,99,99,101,23.233474731445312,-17.994598388671875,-120.50262451171875,42.867340087890625
126,101,3,99,99,101,-12.603988647460938,-23.746795654296875,4.199615478515625,14.248825073242188
126,101,3,99,99,101,-45.11772155761719,-19.272857666015625,-59.05921936035156,54.39949035644531
126,101,0,99,99,101,58.44480895996094,-3.759033203125,-134.78607177734375,24.655441284179688
126,101,0,99,99,101,86.72744750976562,-111.80587768554688,-126.75341796875,48.85429382324219
126,101,3,99,99,101,3.175384521484375,-25.615707397460938,-136.84593200683594,84.50297546386719
126,101,0,99,99,101,38.143280029296875,-17.736862182617188,-15.41485595703125,-19.944091796875
126,101,3,99,99,101,-20.566482543945312,-18.460556030273438,-45.426116943359375,35.74320983886719
126,101,3,99,99,101,-22.728271484375,0.789093017578125,-31.008560180664062,25.553115844726562
126,101,0,99,99,101,67.39390563964844,58.53544616699219,-158.91796875,-24.530227661132812
126,101,3,99,99,101,-66.82847595214844,-103.1846923828125,-211.5039520263672,178.58128356933594
126,101,3,99,99,101,-6.262542724609375,-15.649200439453125,-2.15496826171875,9.491653442382812
126,101,2,99,99,101,-80.58184814453125,28.444107055664062,30.771942138671875,15.481063842773438
126,101,3,99,99,101,8.332107543945312,-37.07249450683594,-20.68707275390625,16.721099853515625
126,101,3,99,99,101,-2.4814300537109375,-56.94354248046875,-23.130050659179688,32.40159606933594
126,101,0,99,99,101,58.110931396484375,-43.379364013671875,5.0398712158203125,-50.878662109375
126,101,3,99,99,101,4.3536834716796875,1.5776519775390625,-102.20443725585938,48.988800048828125
126,101,1,99,99,101,-8.954055786132812,2.203460693359375,0.0804901123046875,-3.8824462890625
126,101,0,99,99,101,76.52011108398438,-30.248626708984375,-212.43955993652344,62.601348876953125
126,101,3,99,99,101,-21.3890380859375,-46.99043273925781,-182.14622497558594,114.4644775390625
126,101,3,99,99,101,12.322799682617188,-34.09730529785156,-88.5982666015625,50.901580810546875
126,101,1,99,99,101,-23.38299560546875,16.523605346679688,4.7207794189453125,-6.223663330078125
126,101,1,99,99,101,-27.497039794921875,25.005569458007812,-11.931182861328125,9.69879150390625
126,101,0,99,99,101,21.983535766601562,-0.0341033935546875,-0.673309326171875,-29.844268798828125
126,101,3,99,99,101,9.147140502929688,-42.83180236816406,-12.901138305664062,26.459060668945312
126,101,1,99,99,101,13.09246826171875,38.00401306152344,-60.92485046386719,-14.985183715820312
126,101,1,99,99,101,-42.16136169433594,82.74313354492188,47.35856628417969,-142.99961853027344
126,101,0,99,99,101,36.150482177734375,32.34971618652344,18.033554077148438,-123.10111999511719
126,101,3,99,99,101,-30.0377197265625,-56.43780517578125,-77.64839172363281,73.98640441894531
126,101,1,99,99,101,-81.27188110351562,83.4417724609375,10.23370361328125,-54.28643798828125
126,101,3,99,99,101,-47.49336242675781,-8.546981811523438,-68.89385986328125,58.36006164550781
126,101,3,99,99,101,19.134109497070312,-58.428985595703125,-58.98895263671875,36.71037292480469
126,101,3,99,99,101,-53.05613708496094,-3.8124847412109375,-2.0015411376953125,32.5921630859375
126,101,2,99,99,101,-20.8330078125,-12.53076171875,5.70416259765625,-20.293380737304688
126,101,3,99,99,101,-55.29386901855469,-33.5289306640625,-52.290252685546875,72.11036682128906
126,101,3,99,99,101,-50.15138244628906,-36.678253173828125,-48.708709716796875,62.64537048339844
126,101,0,99,99,101,36.21556091308594,-11.884552001953125,-4.4020538330078125,-28.532119750976562
126,101,1,99,99,101,-75.15301513671875,85.30169677734375,11.966873168945312,-68.90516662597656
126,101,3,99,99,101,-85.32489013671875,-31.929229736328125,-71.35050964355469,91.40866088867188
126,101,1,99,99,101,-69.92784118652344,49.599945068359375,24.44781494140625,-20.656631469726562
126,101,3,99,99,101,-9.357040405273438,-20.150497436523438,-11.845321655273438,17.916290283203125
126,101,1,99,99,101,-22.493453979492188,11.911895751953125,4.505462646484375,5.770416259765625
126,101,1,99,99,101,-102.70230102539062,45.37324523925781,22.013748168945312,-23.882095336914062
126,101,1,99,99,101,-39.01664733886719,69.97805786132812,25.643447875976562,-106.35186767578125
126,101,3,99,99,101,1.5313720703125,5.7052459716796875,-38.34260559082031,12.624557495117188
126,101,3,99,99,101,-70.93896484375,19.645706176757812,7.498809814453125,24.688858032226562
126,101,3,99,99,101,51.55967712402344,-30.615509033203125,-285.75669860839844,113.9691162109375
126,101,1,99,99,101,-7.8969268798828125,6.8726806640625,1.6968841552734375,-6.7553863525390625
126,101,1,99,99,101,-26.868942260742188,26.906234741210938,-3.13177490234375,-3.30523681640625
126,101,0,99,99,101,0.759185791015625,0.4668731689453125,-0.8546295166015625,-8.28851318359375
126,101,3,99,99,101,5.788482666015625,-52.37330627441406,-44.484344482421875,34.88697814941406
126,101,1,99,99,101,-85.49563598632812,48.92436218261719,-0.4011077880859375,21.73828125
126,101,1,99,99,101,-28.936767578125,97.81265258789062,-10.008270263671875,-94.44010925292969
126,101,0,99,99,101,87.89468383789062,46.65608215332031,-68.1082763671875,-105.39186096191406
126,101,3,99,99,101,4.0806427001953125,-11.436660766601562,-10.248016357421875,9.0162353515625
126,101,1,99,99,101,-4.0338134765625,15.050537109375,-50.71122741699219,14.364990234375
126,101,3,99,99,101,11.434890747070312,-51.09228515625,-30.44818115234375,23.75250244140625
126,101,2,99,99,101,-15.078445434570312,-2.7304229736328125,11.587188720703125,2.40142822265625
126,101,3,99,99,101,-12.769775390625,-17.604904174804688,-25.630813598632812,27.198287963867188
126,101,1,99,99,101,-5.2960662841796875,0.6763763427734375,-0.387451171875,-3.38226318359375
126,101,1,99,99,101,-104.36112976074219,84.15150451660156,14.946746826171875,-49.428131103515625
126,101,1,99,99,101,-75.05645751953125,70.40855407714844,8.8974609375,-49.20799255371094
126,101,3,99,99,101,-38.44270324707031,-5.556610107421875,-14.576614379882812,29.512954711914062
126,101,3,99,99,101,-8.910476684570312,2.45550537109375,-24.2254638671875,12.407730102539062
126,101,1,99,99,101,17.84423828125,62.7012939453125,-213.5066680908203,45.34918212890625
126,101,3,99,99,101,17.269515991210938,-63.00108337402344,-63.9005126953125,41.84761047363281
126,101,3,99,99,101,-24.35687255859375,-7.18048095703125,-34.793182373046875,29.892974853515625
126,101,1,99,99,101,-37.57429504394531,37.751678466796875,-0.72064208984375,-21.87646484375
126,101,3,99,99,101,-25.159027099609375,2.3476715087890625,-8.23260498046875,16.246688842773438
126,101,3,99,99,101,-93.70155334472656,22.1669921875,-13.204666137695312,34.39009094238281
126,101,3,99,99,101,7.118377685546875,1.067657470703125,-115.87211608886719,46.88658142089844
126,101,1,99,99,101,2.7929534912109375,10.692962646484375,-12.000656127929688,-12.895950317382812
126,101,1,99,99,101,-38.62602233886719,69.043212890625,29.271514892578125,-102.38328552246094
126,101,0,99,99,101,32.48619079589844,4.777862548828125,18.553985595703125,-73.46006774902344
126,101,3,99,99,101,-50.322601318359375,-2.0552520751953125,15.884017944335938,22.042144775390625
126,101,3,99,99,101,-45.47474670410156,-7.471771240234375,-34.562957763671875,42.35823059082031
126,101,3,99,99,101,-12.137741088867188,0.1145172119140625,-8.7008056640625,12.1007080078125
126,101,3,99,99,101,-57.13230895996094,4.59747314453125,-3.38201904296875,34.932586669921875
126,101,1,99,99,101,-61.75233459472656,41.206756591796875,23.70184326171875,-39.777740478515625
126,101,2,99,99,101,-19.68060302734375,-12.1612548828125,15.455001831054688,10.173751831054688
126,101,3,99,99,101,17.179153442382812,2.5983123779296875,-199.8897247314453,88.85197448730469
126,101,3,99,99,101,-56.84553527832031,-8.672775268554688,-51.98004150390625,60.4761962890625
126,101,3,99,99,101,-20.381317138671875,-29.318435668945312,-47.5428466796875,44.14093017578125
126,101,3,99,99,101,17.341018676757812,-10.445449829101562,-161.3322296142578,68.03504943847656
126,101,1,99,99,101,-12.163558959960938,10.607650756835938,-1.212432861328125,-5.4244537353515625
126,101,3,99,99,101,33.71923828125,-49.9312744140625,-171.71109008789062,89.74508666992188
126,101,3,99,99,101,6.7977294921875,-1.8389434814453125,-60.09080505371094,18.95458984375
126,101,3,99,99,101,-8.715606689453125,-10.827163696289062,-5.45758056640625,0.5996246337890625
126,101,3,99,99,101,6.8006591796875,-31.550979614257812,-18.049041748046875,11.908950805664062
126,101,3,99,99,101,-71.12109375,-17.742141723632812,-38.97077941894531,65.53872680664062
126,101,0,99,99,101,30.927810668945312,12.473480224609375,-1.775054931640625,-56.93193054199219
126,101,3,99,99,101,-10.862594604492188,-24.64764404296875,-38.03456115722656,32.84886169433594
126,101,1,99,99,101,-81.78868103027344,67.94349670410156,17.050216674804688,-44.391143798828125
126,101,3,99,99,101,40.54058837890625,-60.66279602050781,-246.98439025878906,127.71025085449219
126,101,1,99,99,101,-43.38679504394531,21.397872924804688,10.8402099609375,8.127517700195312
126,101,1,99,99,101,-4.8664398193359375,5.742950439453125,-10.257308959960938,-1.5057830810546875
126,101,1,99,99,101,0.150634765625,32.17018127441406,-17.677642822265625,-27.653030395507812
126,101,1,99,99,101,-36.84986877441406,35.891204833984375,-27.876937866210938,11.3349609375
126,101,1,99,99,101,24.793670654296875,49.16331481933594,-45.94154357910156,-52.700958251953125
126,101,1,99,99,101,3.0673980712890625,39.01531982421875,2.5331268310546875,-67.26615905761719
126,101,3,99,99,101,1.6294097900390625,-26.80181884765625,-41.631683349609375,25.256256103515625
126,101,3,99,99,101,-8.524032592773438,-33.03276062011719,-194.25738525390625,108.22158813476562
126,101,3,99,99,101,50.01048278808594,-97.15391540527344,-167.6686248779297,84.57943725585938
126,101,1,99,99,101,-88.74366760253906,96.08027648925781,45.09687805175781,-91.77517700195312
126,101,3,99,99,101,6.118011474609375,3.5831298828125,-61.70538330078125,23.364089965820312
126,101,1,99,99,101,-44.955902099609375,24.619705200195312,16.134796142578125,0.1372528076171875
126,101,1,99,99,101,31.507080078125,46.36183166503906,27.209762573242188,-171.28880310058594
126,101,3,99,99,101,22.61126708984375,-35.46922302246094,-96.92041015625,52.013153076171875
126,101,3,99,99,101,10.290939331054688,-80.85060119628906,-55.325653076171875,45.1339111328125
126,101,3,99,99,101,-86.41229248046875,11.690277099609375,1.9911651611328125,59.79010009765625
126,101,1,99,99,101,-25.277053833007812,49.14408874511719,10.143356323242188,-66.44049072265625
126,101,1,99,99,101,-42.96466064453125,37.74005126953125,5.34625244140625,-26.6988525390625
126,101,3,99,99,101,-19.321823120117188,-3.798858642578125,-40.03517150878906,24.399627685546875
126,101,2,99,99,101,-14.600311279296875,-1.521026611328125,8.823013305664062,0.96466064453125
126,101,1,99,99,101,-61.65216064453125,39.42140197753906,22.2862548828125,-4.7430419921875
126,101,1,99,99,101,-87.77696228027344,40.994293212890625,3.2787628173828125,-1.4254150390625
126,101,3,99,99,101,13.628280639648438,-56.9482421875,-39.25468444824219,29.582870483398438
126,101,1,99,99,101,-99.03799438476562,79.36703491210938,24.5631103515625,-29.084274291992188
126,101,3,99,99,101,4.95770263671875,5.053680419921875,-56.57371520996094,20.558364868164062
126,101,0,99,99,101,95.86422729492188,19.215530395507812,-185.0583038330078,-2.9625244140625
126,101,1,99,99,101,-152.28030395507812,102.94212341308594,8.6534423828125,-8.102874755859375
126,101,3,99,99,101,-10.514297485351562,-18.883880615234375,-39.49101257324219,35.46525573730469
126,101,3,99,99,101,-31.059890747070312,-9.401168823242188,-11.632431030273438,22.0477294921875
126,101,0,99,99,101,23.321441650390625,6.6866455078125,0.1905975341796875,-40.3843994140625
126,101,3,99,99,101,34.77671813964844,-43.747528076171875,-211.06715393066406,86.82090759277344
126,101,3,99,99,101,-16.576690673828125,-17.29541015625,-5.4701690673828125,15.2174072265625
126,101,1,99,99,101,6.151214599609375,41.677581787109375,-21.253448486328125,-44.55946350097656
126,101,3,99,99,101,60.95695495605469,-32.63531494140625,-276.3192443847656,100.57379150390625
126,101,3,99,99,101,10.019851684570312,-22.663955688476562,-40.12286376953125,26.524459838867188
126,101,3,99,99,101,-52.940704345703125,-4.9217071533203125,-73.30615234375,60.63714599609375
126,101,3,99,99,101,26.160049438476562,-81.81532287597656,-74.7296142578125,49.23075866699219
126,101,3,99,99,101,-62.96612548828125,12.462249755859375,-219.83909606933594,130.7499237060547
126,101,3,99,99,101,-63.582122802734375,-28.230789184570312,-35.62403869628906,60.15106201171875
126,101,3,99,99,101,-29.711776733398438,-1.9419403076171875,-21.501113891601562,21.569229125976562
126,101,1,99,99,101,-89.79789733886719,52.19941711425781,13.156539916992188,8.37445068359375
126,101,3,99,99,101,12.25469970703125,-16.979354858398438,-78.16683959960938,35.82012939453125
126,101,3,99,99,101,-62.467376708984375,-36.80137634277344,-61.60467529296875,78.83694458007812
126,101,1,99,99,101,-77.48765563964844,24.770004272460938,-21.370559692382812,-0.561004638671875
126,101,0,99,99,101,19.75042724609375,-0.28973388671875,4.2508544921875,-33.89056396484375
126,101,0,99,99,101,33.154510498046875,-76.7315673828125,-47.5775146484375,26.807891845703125
126,101,3,99,99,101,-44.08006286621094,17.584030151367188,-2.913116455078125,19.01617431640625
126,101,3,99,99,101,21.094696044921875,-81.78324890136719,-282.1953887939453,150.2554168701172
126,101,1,99,99,101,-32.06159973144531,9.867904663085938,0.160888671875,9.6153564453125
126,101,3,99,99,101,52.035125732421875,-75.67884826660156,-302.6094207763672,155.94068908691406
126,101,1,99,99,101,-52.49757385253906,32.93315124511719,8.223114013671875,-16.255355834960938
126,101,1,99,99,101,-14.833541870117188,5.7837982177734375,-0.2100982666015625,3.80938720703125
126,101,3,99,99,101,-63.78852844238281,-11.294143676757812,-64.2100830078125,68.54792785644531
126,101,3,99,99,101,-8.048797607421875,-3.0379486083984375,0.4425506591796875,5.3521881103515625
126,101,3,99,99,101,20.249282836914062,-84.89384460449219,-49.47393798828125,42.9951171875
126,101,0,99,99,101,10.983718872070312,-7.3074493408203125,-34.424224853515625,8.862808227539062
126,101,3,99,99,101,28.199493408203125,-70.72953796386719,-51.7982177734375,29.136734008789062
126,101,3,99,99,101,-76.55116271972656,1.08770751953125,-19.245437622070312,48.82331848144531
126,101,3,99,99,101,29.081634521484375,-57.56025695800781,-127.081787109375,78.33677673339844
126,101,3,99,99,101,-29.370346069335938,0.70147705078125,8.6552734375,18.063720703125
126,101,1,99,99,101,-56.50141906738281,17.8616943359375,-2.8650665283203125,15.77850341796875
126,101,0,99,99,101,19.160049438476562,-3.5990447998046875,16.334732055664062,-45.3919677734375
126,101,1,99,99,101,-90.40339660644531,47.120330810546875,43.016204833984375,-11.56146240234375
126,101,3,99,99,101,-129.6551971435547,42.579864501953125,5.2537078857421875,55.315155029296875
126,101,3,99,99,101,-9.992889404296875,-18.573867797851562,-8.197067260742188,15.9774169921875
126,101,3,99,99,101,-38.04176330566406,-29.361434936523438,-21.419937133789062,37.991180419921875
126,101,3,99,99,101,-6.81109619140625,-17.505783081054688,6.5003204345703125,10.70733642578125
126,101,1,99,99,101,-67.76197814941406,39.438720703125,21.184814453125,-2.64813232421875
126,101,1,99,99,101,-10.530502319335938,8.133392333984375,-1.93310546875,-2.219451904296875
126,101,0,99,99,101,84.92927551269531,-49.62089538574219,-114.35945129394531,1.3409423828125
126,101,3,99,99,101,10.138076782226562,-35.68913269042969,-26.127166748046875,14.715576171875
126,101,1,99,99,101,-7.4615478515625,5.3487548828125,-5.79937744140625,2.2662200927734375
126,101,3,99,99,101,-7.256195068359375,-11.275344848632812,-150.53126525878906,74.24212646484375
126,101,3,99,99,101,3.4680633544921875,-30.65484619140625,-22.146224975585938,17.689224243164062
126,101,3,99,99,101,-8.8790283203125,-40.16212463378906,-16.825119018554688,29.526992797851562
126,101,1,99,99,101,-13.326004028320312,14.140777587890625,-11.681411743164062,2.55450439453125
126,101,1,99,99,101,-76.05859375,66.35494995117188,8.707321166992188,-38.89894104003906
126,101,3,99,99,101,-22.98681640625,-33.200775146484375,-20.8900146484375,29.787567138671875
126,101,3,99,99,101,-1.37103271484375,-64.94650268554688,-20.910797119140625,34.54151916503906
126,101,2,99,99,101,-93.09988403320312,22.194686889648438,34.42132568359375,32.110260009765625
126,101,3,99,99,101,-35.748016357421875,-62.084075927734375,-103.56671142578125,79.58198547363281
126,101,1,99,99,101,-9.646469116210938,7.4523162841796875,-4.3350830078125,-0.863739013671875
126,101,0,99,99,101,7.9208526611328125,-17.827468872070312,0.113250732421875,3.3029327392578125
126,101,3,99,99,101,-21.820602416992188,-12.448776245117188,-26.737533569335938,26.026016235351562
126,101,3,99,99,101,-29.81951904296875,-5.284454345703125,-6.2648162841796875,21.192138671875
126,101,1,99,99,101,6.1465606689453125,50.777557373046875,-28.84930419921875,-45.98738098144531
126,101,3,99,99,101,-14.4334716796875,4.9491729736328125,-21.35345458984375,9.3878173828125
126,101,0,99,99,101,61.30064392089844,-33.781158447265625,-129.728759765625,39.4766845703125
126,101,1,99,99,101,-45.017730712890625,16.131607055664062,13.457046508789062,8.95501708984375
126,101,1,99,99,101,-11.895050048828125,8.019363403320312,1.6874237060546875,-7.110870361328125
126,101,0,99,99,101,22.352081298828125,21.81640625,-42.89959716796875,-24.437408447265625
126,101,1,99,99,101,-78.15696716308594,59.56451416015625,14.137725830078125,-33.64396667480469
126,101,3,99,99,101,-42.19172668457031,9.330581665039062,10.33001708984375,15.475616455078125
126,101,0,99,99,101,15.978317260742188,-8.865951538085938,-10.279190063476562,-5.0301513671875
126,101,3,99,99,101,-22.766143798828125,-19.006210327148438,-25.780776977539062,29.679718017578125
126,101,2,99,99,101,-60.45445251464844,20.799880981445312,26.085006713867188,9.885162353515625
126,101,3,99,99,101,58.72270202636719,-104.27029418945312,-324.0954284667969,155.82119750976562
126,101,3,99,99,101,1.3603668212890625,-14.440322875976562,-7.9474029541015625,11.439788818359375
126,101,1,99,99,101,-10.073135375976562,8.226272583007812,-5.204742431640625,2.11907958984375
126,101,3,99,99,101,15.856246948242188,-73.57572937011719,-64.53361511230469,39.67433166503906
126,101,3,99,99,101,24.442840576171875,-19.5013427734375,-124.52525329589844,54.94342041015625
126,101,0,99,99,101,33.44847106933594,-72.8392333984375,-61.97608947753906,32.04052734375
126,101,3,99,99,101,-33.41361999511719,-21.554824829101562,-16.0826416015625,35.37831115722656
126,101,1,99,99,101,-47.283782958984375,48.144317626953125,2.295654296875,-29.758621215820312
126,101,0,99,99,101,40.32627868652344,8.666580200195312,10.946914672851562,-80.25105285644531
126,101,1,99,99,101,41.7030029296875,58.6964111328125,-184.1284637451172,16.094009399414062
126,101,3,99,99,101,-37.48881530761719,-12.448318481445312,15.445846557617188,22.858642578125
126,101,2,99,99,101,-15.74322509765625,-3.8883819580078125,10.695297241210938,3.66845703125
126,101,3,99,99,101,10.625335693359375,-23.52911376953125,-42.2457275390625,27.411972045898438
126,101,3,99,99,101,-18.57415771484375,-9.26776123046875,2.133514404296875,14.753341674804688
126,101,1,99,99,101,-85.14839172363281,44.03251647949219,32.93498229980469,-2.841094970703125
126,101,1,99,99,101,-18.128173828125,16.23046875,-1.6412506103515625,-3.5396728515625
126,101,3,99,99,101,16.680328369140625,-22.312530517578125,-131.1573944091797,64.35884094238281
126,101,3,99,99,101,27.936904907226562,-40.34709167480469,-130.27938842773438,68.25923156738281
126,101,3,99,99,101,-14.093643188476562,-56.54920959472656,-38.960418701171875,46.34159851074219
126,101,3,99,99,101,-67.87379455566406,-2.389556884765625,17.963455200195312,38.71604919433594
126,101,3,99,99,101,17.28662109375,-59.48545837402344,-35.75306701660156,24.266204833984375
126,101,3,99,99,101,-19.583648681640625,29.176284790039062,-79.2950439453125,30.51239013671875
126,101,3,99,99,101,-9.704315185546875,-9.341873168945312,-15.839157104492188,11.805572509765625
126,101,3,99,99,101,-2.3285064697265625,-5.8197021484375,-24.98077392578125,17.376266479492188
126,101,3,99,99,101,16.371841430664062,-6.766448974609375,-199.64022827148438,93.33331298828125
126,101,3,99,99,101,25.008697509765625,-86.08683776855469,-110.22438049316406,69.38407897949219
126,101,1,99,99,101,-4.822784423828125,11.225845336914062,-7.2678985595703125,-3.0426025390625
126,101,3,99,99,101,-3.547882080078125,-59.51316833496094,-266.19728088378906,143.9024658203125
126,101,1,99,99,101,0.3003692626953125,2.3057708740234375,0.0402069091796875,-6.033416748046875
126,101,1,99,99,101,-97.58929443359375,37.80108642578125,22.657760620117188,23.44549560546875
126,101,2,99,99,101,1.8391876220703125,-5.43890380859375,3.6880035400390625,-2.2715911865234375
126,101,3,99,99,101,14.285934448242188,-87.83653259277344,-65.29374694824219,54.66209411621094
126,101,3,99,99,101,23.445663452148438,-47.19158935546875,-127.61358642578125,61.28620910644531
126,101,3,99,99,101,19.688858032226562,-69.57060241699219,-194.05941772460938,107.77442932128906
126,101,3,99,99,101,13.713699340820312,-38.40838623046875,-59.373199462890625,37.142974853515625
126,101,3,99,99,101,15.1890869140625,-55.91139221191406,-35.19969177246094,21.076751708984375
126,101,2,99,99,101,-88.36003112792969,23.182357788085938,27.352935791015625,24.367874145507812
126,101,1,99,99,101,-123.15966796875,34.799346923828125,-0.6484375,31.957855224609375
126,101,3,99,99,101,5.7761993408203125,-51.05906677246094,-27.722763061523438,8.6370849609375
126,101,3,99,99,101,-16.60101318359375,-18.638031005859375,-19.247207641601562,26.133071899414062
126,101,1,99,99,101,-1.294189453125,0.7217254638671875,-8.134475708007812,-0.2902069091796875
126,101,3,99,99,101,-65.93748474121094,-9.277267456054688,-59.28913879394531,65.59689331054688
126,101,3,99,99,101,-21.97039794921875,-22.136123657226562,-26.48089599609375,35.020477294921875
126,101,3,99,99,101,-12.7640380859375,-12.87054443359375,-47.37580871582031,29.43505859375
126,101,0,99,99,101,32.14234924316406,-69.2303466796875,-39.96009826660156,20.12689208984375
126,101,0,99,99,101,20.734771728515625,9.480484008789062,-30.631332397460938,-11.2049560546875
126,101,1,99,99,101,-70.50604248046875,102.73297119140625,52.301025390625,-122.08554077148438
126,101,1,99,99,101,-81.01118469238281,55.303466796875,23.461257934570312,-12.412200927734375
126,101,3,99,99,101,15.087799072265625,-49.301605224609375,-42.38548278808594,31.740509033203125
126,101,1,99,99,101,-53.402191162109375,27.17010498046875,5.9549713134765625,5.812286376953125
126,101,3,99,99,101,0.0520782470703125,0.5481414794921875,-13.6605224609375,2.4166412353515625
126,101,3,99,99,101,1.5287628173828125,-0.60174560546875,-24.366256713867188,6.7335662841796875
126,101,0,99,99,101,12.913131713867188,-1.97845458984375,12.491073608398438,-33.462188720703125
126,101,1,99,99,101,-81.94430541992188,81.93943786621094,15.39752197265625,-62.95729064941406
126,101,1,99,99,101,-76.23329162597656,84.67539978027344,9.262222290039062,-71.66110229492188
126,101,1,99,99,101,2.014312744140625,6.0293426513671875,-13.420303344726562,-2.1291961669921875
126,101,2,99,99,101,-14.977066040039062,1.1035919189453125,6.3731689453125,3.188507080078125
126,101,3,99,99,101,-40.77052307128906,7.8930206298828125,-3.6871490478515625,27.038558959960938
126,101,1,99,99,101,-49.63716125488281,29.586776733398438,14.789535522460938,-3.1020965576171875
126,101,3,99,99,101,41.92852783203125,-69.97784423828125,-225.56851196289062,118.62068176269531
126,101,3,99,99,101,6.9391021728515625,-14.958709716796875,-15.608367919921875,12.640274047851562
126,101,3,99,99,101,-9.921966552734375,-10.548858642578125,-15.79071044921875,16.283538818359375
126,101,3,99,99,101,-53.4305419921875,-84.27835083007812,-188.5247039794922,141.67507934570312
126,101,1,99,99,101,0.11566162109375,5.921539306640625,-20.387924194335938,4.3876800537109375
126,101,3,99,99,101,13.53778076171875,-34.15165710449219,-138.6658172607422,72.7249755859375
126,101,2,99,99,101,-33.27191162109375,2.172271728515625,19.6729736328125,6.9920654296875
126,101,3,99,99,101,-13.913238525390625,3.3383331298828125,-7.3970184326171875,9.6383056640625
126,101,0,99,99,101,31.236618041992188,-79.34054565429688,-53.566680908203125,29.421600341796875
126,101,3,99,99,101,13.102508544921875,-21.953521728515625,-120.56379699707031,61.04649353027344
126,101,1,99,99,101,-108.23687744140625,62.77403259277344,18.116378784179688,7.925262451171875
126,101,1,99,99,101,-27.052825927734375,32.59503173828125,3.2091827392578125,-17.972457885742188
126,101,3,99,99,101,-7.233734130859375,-18.590240478515625,-7.4086456298828125,19.43402099609375
126,101,3,99,99,101,-7.9828948974609375,-0.038421630859375,-20.676605224609375,11.984420776367188
126,101,1,99,99,101,-34.14250183105469,27.734588623046875,10.494430541992188,-33.20036315917969
126,101,3,99,99,101,-15.206405639648438,26.530166625976562,-145.69488525390625,68.75244140625
126,101,0,99,99,101,63.25471496582031,46.58464050292969,-26.408737182617188,-118.61587524414062
126,101,1,99,99,101,-22.951736450195312,23.134735107421875,-16.380935668945312,4.200103759765625
126,101,3,99,99,101,-49.02867126464844,19.918167114257812,-146.6157989501953,91.72859191894531
126,101,3,99,99,101,0.9971466064453125,-12.5804443359375,-22.512161254882812,19.8489990234375
126,101,0,99,99,101,27.678451538085938,21.533462524414062,-27.7772216796875,-36.889495849609375
126,101,3,99,99,101,-19.549819946289062,-25.019622802734375,-7.7784271240234375,21.41119384765625
126,101,0,99,99,101,74.93942260742188,-75.76329040527344,-91.97048950195312,11.624176025390625
126,101,1,99,99,101,-17.538986206054688,23.487655639648438,19.8248291015625,-34.860321044921875
126,101,3,99,99,101,56.81034851074219,-60.00572204589844,-217.97715759277344,99.62863159179688
126,101,3,99,99,101,28.225799560546875,-40.97315979003906,-125.81600952148438,65.77314758300781
126,101,1,99,99,101,-84.68424987792969,35.406005859375,26.833053588867188,16.548065185546875
126,101,3,99,99,101,-7.277618408203125,-17.176620483398438,-0.8279571533203125,11.345123291015625
126,101,3,99,99,101,-11.054672241210938,-46.6402587890625,-16.00225830078125,27.857666015625
126,101,3,99,99,101,-2.119964599609375,-23.9168701171875,-7.2540130615234375,12.848663330078125
126,101,0,99,99,101,81.32989501953125,-56.52571105957031,-12.767242431640625,-51.68058776855469
126,101,3,99,99,101,5.866729736328125,-21.737075805664062,-136.32286071777344,67.85185241699219
126,101,3,99,99,101,18.6953125,-53.45381164550781,-34.407623291015625,26.1077880859375
126,101,3,99,99,101,7.8764190673828125,-17.472976684570312,-36.15083312988281,23.795074462890625
126,101,0,99,99,101,20.779937744140625,-25.231597900390625,-24.141128540039062,6.4763336181640625
126,101,3,99,99,101,-13.238800048828125,-10.75604248046875,7.1387939453125,11.725448608398438
126,101,3,99,99,101,32.980560302734375,-27.569229125976562,-243.51742553710938,106.93534851074219
126,101,1,99,99,101,-13.5428466796875,24.436386108398438,-41.1217041015625,4.54669189453125
126,101,3,99,99,101,2.2701873779296875,-20.231887817382812,-5.39105224609375,6.9737548828125
126,101,3,99,99,101,1.7923583984375,-52.633087158203125,-145.94483947753906,91.40837097167969
126,101,3,99,99,101,-79.52325439453125,0.8087615966796875,-56.05726623535156,67.500244140625
126,101,1,99,99,101,-70.40635681152344,78.03352355957031,14.75823974609375,-66.04530334472656
126,101,3,99,99,101,-1.0473785400390625,-36.538909912109375,-39.461761474609375,28.877456665039062
126,101,3,99,99,101,9.384750366210938,-22.361068725585938,-26.441131591796875,18.714340209960938
126,101,1,99,99,101,-26.597488403320312,12.592117309570312,7.94537353515625,0.69989013671875
126,101,3,99,99,101,18.796249389648438,-126.02700805664062,-247.8236846923828,151.1735076904297
126,101,1,99,99,101,-96.02162170410156,112.04508972167969,38.15850830078125,-101.07829284667969
126,101,3,99,99,101,15.037765502929688,-22.06829833984375,-95.92674255371094,51.82127380371094
126,101,3,99,99,101,-38.13041687011719,-8.59295654296875,-64.08149719238281,59.032867431640625
126,101,3,99,99,101,4.381195068359375,-95.77058410644531,-23.378265380859375,44.63014221191406
126,101,1,99,99,101,-136.85401916503906,39.23606872558594,-21.760940551757812,33.9720458984375
126,101,3,99,99,101,-85.46267700195312,-2.1341094970703125,-10.490509033203125,51.13818359375
126,101,2,99,99,101,-0.2838134765625,-1.672027587890625,1.83135986328125,-5.899444580078125
126,101,1,99,99,101,-39.39665222167969,14.648849487304688,10.383651733398438,3.4568939208984375
126,101,1,99,99,101,-53.55375671386719,76.22744750976562,-47.65699768066406,-13.892044067382812
126,101,3,99,99,101,-14.305068969726562,-1.0263214111328125,-31.00067138671875,21.900131225585938
126,101,3,99,99,101,7.547332763671875,-44.78373718261719,-28.73095703125,22.560546875
126,101,3,99,99,101,22.1961669921875,-14.128158569335938,-196.52684020996094,86.09959411621094
126,101,3,99,99,101,5.6863250732421875,-47.730133056640625,-27.698638916015625,27.401901245117188
126,101,3,99,99,101,-25.412643432617188,12.209136962890625,-16.6246337890625,20.119583129882812
126,101,0,99,99,101,15.97698974609375,5.35223388671875,-17.621200561523438,-11.295883178710938
126,101,3,99,99,101,-30.816268920898438,-64.30010986328125,-68.97074890136719,66.93899536132812
126,101,0,99,99,101,102.90859985351562,-2.805084228515625,-56.4857177734375,-85.67385864257812
126,101,3,99,99,101,-48.34617614746094,-15.418106079101562,-43.333740234375,51.20362854003906
126,101,1,99,99,101,-34.408843994140625,22.816925048828125,2.7242431640625,4.3321990966796875
126,101,1,99,99,101,-99.72543334960938,82.87556457519531,23.467727661132812,-54.44303894042969
126,101,3,99,99,101,13.779541015625,-43.47601318359375,-18.875900268554688,15.436859130859375
126,101,1,99,99,101,-45.24082946777344,10.604660034179688,9.249710083007812,-22.403076171875
126,101,1,99,99,101,8.037612915039062,11.229537963867188,-18.196182250976562,-16.2659912109375
126,101,3,99,99,101,-59.914642333984375,-28.720489501953125,-33.55781555175781,56.246856689453125
126,101,3,99,99,101,-2.551055908203125,-9.48291015625,-3.0909576416015625,3.5975799560546875
126,101,1,99,99,101,-8.121322631835938,20.692398071289062,-27.572052001953125,-6.326904296875
126,101,0,99,99,101,25.80841064453125,18.82763671875,-36.49897766113281,-22.506210327148438
126,101,1,99,99,101,-116.50425720214844,75.23994445800781,-10.983596801757812,25.011581420898438
126,101,1,99,99,101,-105.61402893066406,53.19044494628906,14.004714965820312,0.2004241943359375
126,101,1,99,99,101,-68.50984191894531,57.63006591796875,8.05078125,-33.55345153808594
126,101,3,99,99,101,-77.71043395996094,-36.26161193847656,-58.204559326171875,79.8250732421875
126,101,0,99,99,101,16.371978759765625,-4.6726226806640625,2.9344635009765625,-20.7052001953125
126,101,3,99,99,101,-19.73345947265625,1.033111572265625,-0.6569671630859375,6.1461639404296875
126,101,3,99,99,101,-55.31492614746094,-27.093856811523438,-114.67355346679688,87.82023620605469
126,101,3,99,99,101,-39.15650939941406,-1.643829345703125,-38.74348449707031,36.12431335449219
126,101,1,99,99,101,-37.94450378417969,26.884445190429688,13.057418823242188,-15.645538330078125
126,101,1,99,99,101,-82.47062683105469,47.012725830078125,27.478775024414062,2.73638916015625
126,101,2,99,99,101,-10.574127197265625,-6.8789520263671875,11.809356689453125,4.8223876953125
126,101,0,99,99,101,19.723968505859375,-4.886444091796875,-7.20233154296875,-17.563720703125
126,101,0,99,99,101,62.50688171386719,-23.876022338867188,7.6997833251953125,-67.54319763183594
126,101,3,99,99,101,-65.24249267578125,40.43504333496094,-83.32069396972656,61.07073974609375
126,101,1,99,99,101,-90.46257019042969,47.52558898925781,30.063751220703125,1.13018798828125
126,101,2,99,99,101,-9.99407958984375,-6.6628570556640625,12.891952514648438,0.4548187255859375
126,101,1,99,99,101,-79.63139343261719,43.92289733886719,15.07159423828125,-12.729171752929688
126,101,3,99,99,101,65.60101318359375,-109.56636047363281,-247.65188598632812,117.55351257324219
126,101,2,99,99,101,-53.36187744140625,19.736465454101562,25.697708129882812,3.42877197265625
126,101,0,99,99,101,15.676345825195312,3.8185272216796875,-5.0206451416015625,-18.56280517578125
126,101,3,99,99,101,-102.84547424316406,18.325759887695312,37.343414306640625,38.51727294921875
126,101,0,99,99,101,63.41725158691406,-24.968368530273438,7.5913543701171875,-66.43492126464844
126,101,2,99,99,101,-20.203201293945312,15.26641845703125,28.73095703125,-34.067596435546875
126,101,3,99,99,101,-53.17308044433594,-21.555084228515625,-30.83770751953125,35.72129821777344
126,101,0,99,99,101,86.1253662109375,-0.86663818359375,-9.4349365234375,-98.15896606445312
126,101,1,99,99,101,-9.921463012695312,45.043365478515625,10.423843383789062,-107.92185974121094
126,101,1,99,99,101,-71.55718994140625,29.493682861328125,-6.8203125,24.727066040039062
126,101,3,99,99,101,6.0640716552734375,-28.767532348632812,-43.26783752441406,19.684982299804688
126,101,3,99,99,101,-9.726318359375,-5.6166229248046875,-9.560531616210938,10.791061401367188
126,101,1,99,99,101,-85.31182861328125,78.22552490234375,7.3391265869140625,-17.800064086914062
126,101,1,99,99,101,-28.03759765625,16.360122680664062,1.90191650390625,8.652328491210938
126,101,0,99,99,101,27.541793823242188,11.743972778320312,-10.97491455078125,-46.56095886230469
126,101,3,99,99,101,-37.79676818847656,-30.738540649414062,-54.312042236328125,62.89399719238281
126,101,1,99,99,101,-65.118408203125,60.98997497558594,8.732101440429688,-43.166778564453125
126,101,1,99,99,101,-67.97181701660156,68.60499572753906,4.57861328125,-42.11566162109375
126,101,1,99,99,101,-18.66949462890625,79.49430847167969,9.239822387695312,-103.13911437988281
126,101,3,99,99,101,8.157806396484375,-65.05355834960938,-26.261093139648438,24.0111083984375
126,101,3,99,99,101,25.914443969726562,-20.422744750976562,-178.69447326660156,79.85012817382812
126,101,3,99,99,101,-15.2630615234375,-7.8761749267578125,-12.108139038085938,13.760009765625
126,101,3,99,99,101,15.833221435546875,-68.56929016113281,-45.37554931640625,29.112472534179688
126,101,3,99,99,101,-41.213897705078125,-31.742752075195312,-51.5069580078125,57.47186279296875
126,101,1,99,99,101,-50.06640625,40.553253173828125,22.990341186523438,-28.494796752929688
126,101,3,99,99,101,-4.40057373046875,-11.737716674804688,-9.74676513671875,14.192398071289062
126,101,3,99,99,101,14.50970458984375,-11.158554077148438,-150.12440490722656,64.66864013671875
126,101,3,99,99,101,-26.805511474609375,-33.76878356933594,-26.788040161132812,43.39845275878906
126,101,3,99,99,101,-19.5985107421875,-31.391357421875,-0.5768890380859375,20.884078979492188
126,101,3,99,99,101,-45.32731628417969,-6.282989501953125,-41.378387451171875,42.66334533691406
126,101,3,99,99,101,10.364913940429688,-2.1680145263671875,-65.1925048828125,24.027435302734375
126,101,3,99,99,101,-14.33447265625,9.526260375976562,-37.20166015625,15.33404541015625
126,101,1,99,99,101,-95.19932556152344,97.58074951171875,8.157989501953125,-66.10966491699219
126,101,0,99,99,101,49.541107177734375,12.11883544921875,14.388320922851562,-98.55581665039062
126,101,3,99,99,101,-22.791641235351562,-13.859207153320312,8.100418090820312,19.529129028320312
126,101,3,99,99,101,-11.630935668945312,7.6326446533203125,-68.05543518066406,28.969955444335938
126,101,0,99,99,101,40.426788330078125,0.0558624267578125,-27.652633666992188,-33.002349853515625
126,101,1,99,99,101,-36.36854553222656,11.136215209960938,9.292129516601562,10.415283203125
126,101,3,99,99,101,49.74494934082031,-92.39871215820312,-179.6640167236328,86.73387145996094
126,101,2,99,99,101,-15.088577270507812,-3.1147918701171875,9.528213500976562,2.8813629150390625
126,101,3,99,99,101,32.36415100097656,-67.9932861328125,-206.41575622558594,120.5653076171875
126,101,1,99,99,101,4.587432861328125,9.933700561523438,-9.014923095703125,-13.431640625
126,101,0,99,99,101,18.80169677734375,-3.6931915283203125,16.067535400390625,-44.714599609375
126,101,1,99,99,101,5.1965484619140625,17.914871215820312,-16.260589599609375,-23.606781005859375
126,101,3,99,99,101,15.15960693359375,-7.8275909423828125,-158.8340301513672,67.58219909667969
126,101,1,99,99,101,-95.8798828125,40.8602294921875,39.712371826171875,6.598602294921875
126,101,3,99,99,101,21.007797241210938,-51.747802734375,-168.32748413085938,93.29261779785156
126,101,1,99,99,101,-38.296142578125,24.364456176757812,10.699432373046875,-1.9684295654296875
126,101,2,99,99,101,-8.679840087890625,1.855804443359375,4.00042724609375,-3.5507965087890625
126,101,1,99,99,101,-58.0262451171875,46.03825378417969,11.530349731445312,-31.320877075195312
126,101,3,99,99,101,-46.80531311035156,-12.157684326171875,19.945510864257812,28.650421142578125
126,101,3,99,99,101,-20.55255126953125,28.940704345703125,-109.05311584472656,46.50263977050781
126,101,1,99,99,101,-61.931396484375,75.70097351074219,20.309967041015625,-79.48780822753906
126,101,1,99,99,101,-68.00300598144531,71.85377502441406,10.824371337890625,-58.36766052246094
126,101,3,99,99,101,29.94903564453125,-61.20130920410156,-127.16259765625,70.10273742675781
126,101,2,99,99,101,-10.797531127929688,-13.6065673828125,10.415573120117188,3.5699005126953125
126,101,3,99,99,101,-2.65576171875,-8.54229736328125,-14.014938354492188,8.638931274414062
126,101,3,99,99,101,13.871002197265625,-60.37901306152344,-32.02568054199219,29.694259643554688
126,101,1,99,99,101,-50.35740661621094,44.3514404296875,-0.4324951171875,-3.924224853515625
126,101,0,99,99,101,56.523712158203125,7.2728729248046875,-50.72419738769531,-34.81001281738281
126,101,3,99,99,101,12.646530151367188,-138.7778778076172,-197.80136108398438,133.28652954101562
126,101,3,99,99,101,4.7403106689453125,-0.598663330078125,-46.05511474609375,12.430282592773438
126,101,3,99,99,101,-68.50636291503906,0.402587890625,-96.92422485351562,73.15365600585938
126,101,3,99,99,101,0.9738311767578125,-9.580169677734375,-4.222320556640625,7.4635009765625
126,101,3,99,99,101,-11.9091796875,-79.47889709472656,-99.47933959960938,87.17520141601562
126,101,3,99,99,101,-119.08262634277344,16.385787963867188,-8.522216796875,70.34683227539062
126,101,3,99,99,101,-20.29095458984375,-22.390884399414062,-21.336212158203125,33.63787841796875
126,101,1,99,99,101,-12.09478759765625,12.117813110351562,-6.2906951904296875,-0.85919189453125
126,101,3,99,99,101,-79.09941101074219,-28.312911987304688,-62.373748779296875,82.98861694335938
126,101,3,99,99,101,42.66001892089844,-61.198211669921875,-250.30010986328125,133.11990356445312
126,101,1,99,99,101,-83.34115600585938,51.853759765625,18.560028076171875,0.481689453125
126,101,2,99,99,101,-8.21759033203125,-2.3419647216796875,7.3466033935546875,0.089385986328125
126,101,3,99,99,101,5.07159423828125,4.5968475341796875,-92.39662170410156,33.5985107421875
126,101,1,99,99,101,-6.7639312744140625,7.3099365234375,-13.1058349609375,-8.322402954101562
126,101,1,99,99,101,-24.384429931640625,16.994827270507812,-37.068084716796875,12.188583374023438
126,101,2,99,99,101,-22.686798095703125,8.511978149414062,8.758926391601562,1.31011962890625
126,101,1,99,99,101,-76.09159851074219,61.0255126953125,13.92340087890625,-40.114044189453125
126,101,2,99,99,101,-8.751312255859375,-7.0022430419921875,5.0237274169921875,-0.6019439697265625
126,101,0,99,99,101,45.72486877441406,3.814727783203125,3.8816986083984375,-72.89277648925781
126,101,0,99,99,101,22.309432983398438,-7.365631103515625,-47.85575866699219,5.61138916015625
126,101,0,99,99,101,20.4395751953125,-42.52667236328125,-18.712493896484375,5.7804412841796875
126,101,2,99,99,101,10.406494140625,-12.64703369140625,20.022384643554688,-26.166702270507812
126,101,3,99,99,101,-66.93568420410156,22.099014282226562,-53.029205322265625,56.432647705078125
126,101,3,99,99,101,-46.85069274902344,-9.297943115234375,-52.366607666015625,52.8837890625
126,101,2,99,99,101,-81.92936706542969,26.0228271484375,33.989898681640625,18.671218872070312
126,101,3,99,99,101,30.249465942382812,-54.29341125488281,-156.69093322753906,80.9561767578125
126,101,3,99,99,101,-14.976776123046875,-13.052947998046875,-34.57078552246094,29.407943725585938
126,101,0,99,99,101,30.696197509765625,17.437286376953125,1.1263580322265625,-67.60140991210938
126,101,2,99,99,101,-6.387176513671875,-4.6086578369140625,0.450836181640625,-1.0782928466796875
126,101,3,99,99,101,14.862991333007812,-69.87428283691406,-64.72805786132812,39.29902648925781
126,101,3,99,99,101,-24.343780517578125,-6.7140960693359375,-20.501388549804688,23.01214599609375
126,101,0,99,99,101,37.74101257324219,20.0240478515625,8.043243408203125,-89.71722412109375
126,101,0,99,99,101,17.749099731445312,-15.61419677734375,-24.308502197265625,0.3471221923828125
126,101,0,99,99,101,33.50559997558594,-30.821365356445312,5.3865814208984375,-25.306472778320312
126,101,3,99,99,101,2.9258575439453125,14.486572265625,-122.84689331054688,33.95758056640625
126,101,0,99,99,101,27.79327392578125,13.668365478515625,-25.228652954101562,-32.902984619140625
126,101,2,99,99,101,-61.96107482910156,22.42352294921875,46.21502685546875,-13.3653564453125
126,101,1,99,99,101,1.8560943603515625,4.3550567626953125,-10.5125732421875,-5.5128021240234375
126,101,0,99,99,101,9.659881591796875,2.6823577880859375,5.3200531005859375,-20.929794311523438
126,101,3,99,99,101,-4.6807708740234375,-80.65750122070312,-19.789398193359375,38.96397399902344
126,101,1,99,99,101,18.5863037109375,42.447357177734375,-108.71064758300781,6.1967315673828125
126,101,1,99,99,101,-40.49971008300781,26.463638305664062,16.347824096679688,-4.4495697021484375
126,101,0,99,99,101,13.470123291015625,4.8854217529296875,-14.661865234375,-12.639907836914062
126,101,3,99,99,101,-60.912139892578125,-20.570526123046875,-63.11195373535156,71.98214721679688
126,101,2,99,99,101,-41.75205993652344,13.475845336914062,15.72369384765625,7.7619781494140625
126,101,1,99,99,101,-68.70481872558594,72.97142028808594,14.51763916015625,-57.26123046875
126,101,0,99,99,101,32.38856506347656,-7.721893310546875,-37.894012451171875,-8.999526977539062
126,101,1,99,99,101,-9.88873291015625,4.3060302734375,-1.567474365234375,0.23895263671875
126,101,3,99,99,101,3.3193817138671875,-20.073699951171875,-40.73942565917969,17.539016723632812
126,101,1,99,99,101,-89.19094848632812,26.056869506835938,-14.813827514648438,5.1735076904296875
126,101,1,99,99,101,-8.44647216796875,11.037124633789062,-10.889190673828125,1.8457794189453125
126,101,1,99,99,101,-83.60884094238281,76.99923706054688,9.375106811523438,-48.761199951171875
126,101,3,99,99,101,-27.92156982421875,-10.610916137695312,1.7274017333984375,11.836837768554688
126,101,2,99,99,101,-88.22438049316406,26.643692016601562,37.23075866699219,19.532073974609375
126,101,3,99,99,101,3.506011962890625,13.120620727539062,-113.14042663574219,37.24211120605469
126,101,3,99,99,101,30.050582885742188,-41.839141845703125,-76.60581970214844,31.881820678710938
126,101,0,99,99,101,5.7031097412109375,-1.3494720458984375,-3.1209564208984375,-2.3013763427734375
126,101,3,99,99,101,-6.3620452880859375,-36.83634948730469,-89.66484069824219,63.11309814453125
126,101,1,99,99,101,-95.38447570800781,57.0728759765625,28.185501098632812,-10.667144775390625
126,101,0,99,99,101,23.029281616210938,0.523651123046875,-41.06634521484375,-8.069259643554688
126,101,0,99,99,101,19.63525390625,-35.92854309082031,-34.332733154296875,19.446853637695312
126,101,3,99,99,101,-5.743438720703125,-7.151336669921875,-8.280029296875,15.274429321289062
126,101,3,99,99,101,34.06768798828125,-26.620895385742188,-230.6638641357422,100.06858825683594
126,101,3,99,99,101,-10.599899291992188,-3.1048736572265625,-14.237533569335938,11.828582763671875
126,101,3,99,99,101,-26.740737915039062,-32.763092041015625,-44.34162902832031,54.38822937011719
126,101,3,99,99,101,65.89190673828125,-77.17446899414062,-192.43783569335938,77.41377258300781
126,101,1,99,99,101,-37.15869140625,103.12228393554688,-14.688507080078125,-76.46687316894531
126,101,3,99,99,101,23.584945678710938,-11.877197265625,-182.31898498535156,77.69377136230469
126,101,3,99,99,101,-5.8338470458984375,-19.541183471679688,-22.586273193359375,26.574447631835938
126,101,3,99,99,101,29.177154541015625,-74.74696350097656,-269.8160705566406,148.36695861816406
126,101,2,99,99,101,-7.19085693359375,1.6021881103515625,4.4238739013671875,-2.720672607421875
126,101,3,99,99,101,-24.191543579101562,9.486434936523438,-90.47676086425781,56.26164245605469
126,101,3,99,99,101,37.37351989746094,-51.51615905761719,-178.34893798828125,90.60330200195312
126,101,0,99,99,101,11.689788818359375,-23.273025512695312,-13.086273193359375,2.9175872802734375
126,101,1,99,99,101,-172.8087158203125,113.66064453125,30.5458984375,-2.008575439453125
126,101,0,99,99,101,54.14451599121094,39.5687255859375,-20.971527099609375,-103.93386840820312
126,101,3,99,99,101,-24.36334228515625,-39.40162658691406,-49.937469482421875,44.577789306640625
126,101,1,99,99,101,-178.01661682128906,175.3843536376953,26.1514892578125,-86.68342590332031
126,101,0,99,99,101,20.378677368164062,-1.560028076171875,19.538604736328125,-57.51011657714844
126,101,3,99,99,101,-18.775985717773438,2.0594635009765625,-87.48829650878906,42.59153747558594
126,101,1,99,99,101,-8.85198974609375,5.70721435546875,-1.6071319580078125,-2.886749267578125
126,101,3,99,99,101,3.9150390625,-66.67262268066406,-57.3538818359375,46.80842590332031
126,101,1,99,99,101,-51.303314208984375,34.82586669921875,18.495025634765625,-10.978515625
126,101,0,99,99,101,60.37689208984375,8.487106323242188,-183.5754852294922,34.57159423828125
126,101,3,99,99,101,-21.701126098632812,-29.139495849609375,-32.20545959472656,32.85585021972656
126,101,3,99,99,101,-34.64418029785156,-11.561447143554688,5.947662353515625,20.112884521484375
126,101,3,99,99,101,-22.7659912109375,-6.5914764404296875,-49.79331970214844,47.57093811035156
126,101,0,99,99,101,14.063552856445312,11.310546875,9.172348022460938,-48.13215637207031
126,101,3,99,99,101,-39.65315246582031,-19.934585571289062,-1.0758819580078125,26.085006713867188
126,101,3,99,99,101,-11.46136474609375,-4.30303955078125,2.1219635009765625,9.335235595703125
126,101,1,99,99,101,-12.93731689453125,7.46197509765625,0.8197174072265625,-5.94354248046875
126,101,1,99,99,101,-4.528228759765625,15.465530395507812,-35.978912353515625,3.5576629638671875
126,101,1,99,99,101,-25.222183227539062,31.335113525390625,-34.59791564941406,10.787261962890625
126,101,2,99,99,101,-89.38096618652344,32.60955810546875,43.41807556152344,6.1873779296875
126,101,1,99,99,101,-100.51332092285156,64.62625122070312,21.386093139648438,0.851287841796875
126,101,3,99,99,101,-15.581573486328125,-13.979965209960938,-37.22514343261719,26.500595092773438
126,101,1,99,99,101,-73.47950744628906,32.77587890625,14.623764038085938,22.242324829101562
126,101,3,99,99,101,-16.841201782226562,5.072967529296875,-7.7031707763671875,10.074432373046875
126,101,3,99,99,101,3.595733642578125,-80.23953247070312,-70.21650695800781,51.77955627441406
126,101,0,99,99,101,11.382598876953125,1.373504638671875,10.8687744140625,-38.91780090332031
126,101,3,99,99,101,-87.30885314941406,18.166717529296875,26.887847900390625,34.321075439453125
126,101,3,99,99,101,5.55126953125,-10.772674560546875,-8.657546997070312,5.6384124755859375
126,101,1,99,99,101,-58.0428466796875,26.253616333007812,22.585586547851562,2.7461395263671875
126,101,2,99,99,101,-12.018051147460938,0.180328369140625,7.69244384765625,-0.1755218505859375
126,101,3,99,99,101,-22.375869750976562,10.551116943359375,-21.437271118164062,15.290573120117188
126,101,0,99,99,101,73.74819946289062,-16.225234985351562,3.6795806884765625,-74.98072814941406
126,101,3,99,99,101,-16.1533203125,-15.427230834960938,-14.576019287109375,22.5093994140625
126,101,3,99,99,101,2.9211273193359375,-0.42742919921875,-10.597564697265625,5.2111053466796875
126,101,3,99,99,101,-17.385330200195312,-6.5355987548828125,-11.343215942382812,17.633575439453125
126,101,3,99,99,101,-2.7170867919921875,-3.930572509765625,-12.384109497070312,6.1949615478515625
126,101,1,99,99,101,5.572540283203125,39.88348388671875,10.569671630859375,-86.49937438964844
126,101,0,99,99,101,33.38380432128906,-3.3468017578125,15.787887573242188,-55.64630126953125
126,101,1,99,99,101,-62.00209045410156,36.33381652832031,18.246505737304688,3.2501068115234375
126,101,3,99,99,101,3.158966064453125,-33.17877197265625,-19.777481079101562,19.89666748046875
126,101,1,99,99,101,-54.51727294921875,38.70530700683594,-5.271087646484375,5.4117889404296875
126,101,0,99,99,101,44.11824035644531,-60.9921875,-77.10391235351562,36.65782165527344
126,101,3,99,99,101,-5.4367218017578125,-65.2569580078125,-24.022293090820312,34.12019348144531
126,101,3,99,99,101,-7.69989013671875,9.430206298828125,-41.88691711425781,12.898040771484375
126,101,2,99,99,101,-15.984115600585938,20.634521484375,22.953781127929688,-36.911895751953125
126,101,3,99,99,101,-86.07957458496094,17.87799072265625,13.814422607421875,37.319854736328125
126,101,3,99,99,101,-57.70513916015625,-3.23272705078125,-19.740585327148438,40.32122802734375
126,101,3,99,99,101,-18.560455322265625,6.1645355224609375,-51.813232421875,36.54212951660156
126,101,3,99,99,101,-22.971328735351562,-21.516265869140625,2.381561279296875,26.449249267578125
126,101,1,99,99,101,-11.917800903320312,8.014373779296875,1.7031707763671875,-7.0899200439453125
126,101,3,99,99,101,17.394332885742188,-16.402175903320312,-188.72911071777344,83.38818359375
126,101,0,99,99,101,36.28474426269531,4.37408447265625,12.061355590820312,-66.542724609375
126,101,3,99,99,101,59.590972900390625,-79.16329956054688,-248.09556579589844,118.19174194335938
126,101,0,99,99,101,73.19728088378906,-36.10955810546875,-10.229110717773438,-61.01130676269531
126,101,3,99,99,101,5.8190765380859375,-5.0589599609375,-113.40824890136719,47.80157470703125
126,101,1,99,99,101,-72.1495361328125,40.027618408203125,14.0931396484375,5.8615875244140625
126,101,3,99,99,101,-32.08949279785156,-6.07916259765625,-77.50538635253906,50.87409973144531
126,101,3,99,99,101,-3.5617218017578125,-0.8084716796875,-15.46197509765625,14.830291748046875
126,101,3,99,99,101,-30.557479858398438,-15.679779052734375,-47.24913024902344,39.97052001953125
126,101,3,99,99,101,-0.4750518798828125,10.93927001953125,-71.57951354980469,24.268783569335938
126,101,3,99,99,101,-38.06597900390625,19.885910034179688,-79.61470031738281,54.271575927734375
126,101,1,99,99,101,-44.60148620605469,88.00509643554688,2.9039764404296875,-82.72042846679688
126,101,1,99,99,101,-88.46072387695312,52.489990234375,20.979095458984375,1.3775177001953125
126,101,0,99,99,101,4.9781646728515625,-3.1982269287109375,-9.874771118164062,2.5610198974609375
126,101,1,99,99,101,3.57818603515625,26.4715576171875,17.933456420898438,-71.613525390625
126,101,3,99,99,101,-7.2115020751953125,-8.5843505859375,-4.2396392822265625,6.58599853515625
126,101,1,99,99,101,25.951400756835938,37.88581848144531,-9.628265380859375,-75.88841247558594
126,101,3,99,99,101,-53.67474365234375,-22.304290771484375,-89.59649658203125,82.10044860839844
126,101,3,99,99,101,-0.648590087890625,11.7010498046875,-59.48033142089844,16.830032348632812
126,101,0,99,99,101,15.962677001953125,-0.5121307373046875,-6.616607666015625,-14.184341430664062
126,101,1,99,99,101,-32.306182861328125,41.539459228515625,-83.69522094726562,25.155990600585938
126,101,3,99,99,101,-38.58174133300781,-12.896484375,-54.04046630859375,58.826690673828125
126,101,2,99,99,101,-11.377853393554688,23.38885498046875,31.146347045898438,-56.16670227050781
126,101,3,99,99,101,-3.07415771484375,-46.425201416015625,-17.788818359375,25.385665893554688
126,101,0,99,99,101,10.78973388671875,8.009658813476562,-30.78521728515625,-6.84747314453125
126,101,3,99,99,101,28.841171264648438,-96.30317687988281,-316.2077178955078,176.8165283203125
126,101,0,99,99,101,26.585205078125,-70.23629760742188,-39.62396240234375,25.811752319335938
126,101,3,99,99,101,15.706069946289062,-16.588714599609375,-84.77522277832031,35.970458984375
126,101,1,99,99,101,-163.35226440429688,151.79103088378906,33.257354736328125,-75.963134765625
126,101,3,99,99,101,-1.045440673828125,-11.448089599609375,-9.469345092773438,9.003692626953125
126,101,3,99,99,101,11.428756713867188,-73.62313842773438,-68.13645935058594,46.443511962890625
126,101,3,99,99,101,18.653060913085938,-81.92938232421875,-44.663238525390625,39.40132141113281
126,101,1,99,99,101,-101.11099243164062,48.31752014160156,20.26568603515625,9.695220947265625
126,101,1,99,99,101,-80.62220764160156,42.55809020996094,33.00579833984375,-6.87255859375
126,101,1,99,99,101,3.916290283203125,18.540924072265625,-6.475555419921875,-25.091461181640625
126,101,1,99,99,101,-3.3389434814453125,8.585235595703125,-13.499404907226562,-2.998626708984375
126,101,3,99,99,101,-135.16563415527344,27.205718994140625,5.7659759521484375,71.60713195800781
126,101,3,99,99,101,-68.578369140625,-61.83857727050781,-77.88484191894531,98.46888732910156
126,101,2,99,99,101,-76.29386901855469,19.771484375,30.0540771484375,20.960906982421875
126,101,1,99,99,101,-12.839279174804688,39.58270263671875,8.319290161132812,-53.36231994628906
126,101,3,99,99,101,-34.376007080078125,-17.20245361328125,-36.07633972167969,40.61640930175781
126,101,3,99,99,101,5.30316162109375,-79.99038696289062,-47.8853759765625,51.152099609375
126,101,3,99,99,101,-37.32472229003906,-18.271209716796875,-59.61741638183594,57.28385925292969
126,101,3,99,99,101,79.30683898925781,-91.42520141601562,-333.05934143066406,149.7965850830078
126,101,2,99,99,101,-2.3754730224609375,1.658172607421875,4.69805908203125,-11.015579223632812
126,101,1,99,99,101,-11.32049560546875,11.510574340820312,-4.86749267578125,-1.548492431640625
126,101,1,99,99,101,-168.12606811523438,122.3475341796875,42.52018737792969,-40.250213623046875
126,101,3,99,99,101,-21.382904052734375,-18.3621826171875,-68.11174011230469,43.91290283203125
126,101,0,99,99,101,64.24925231933594,-41.44000244140625,-116.04585266113281,25.114898681640625
126,101,3,99,99,101,26.27032470703125,-98.22441101074219,-46.68255615234375,37.89930725097656
126,101,3,99,99,101,-16.884765625,-62.0052490234375,-207.4801025390625,127.63299560546875
126,101,3,99,99,101,-8.98419189453125,-21.084152221679688,-5.7429046630859375,15.936477661132812
126,101,1,99,99,101,3.5330810546875,26.2938232421875,0.16094970703125,-48.68782043457031
126,101,3,99,99,101,32.014312744140625,-34.15391540527344,-122.95968627929688,55.857818603515625
126,101,3,99,99,101,50.16108703613281,-64.46987915039062,-232.12045288085938,111.16838073730469
126,101,3,99,99,101,8.479141235351562,-56.13151550292969,-187.29188537597656,111.27389526367188
126,101,1,99,99,101,-128.9992218017578,79.16238403320312,6.716461181640625,-7.2312164306640625
126,101,1,99,99,101,-62.92254638671875,58.17985534667969,9.201629638671875,-55.30821228027344
126,101,0,99,99,101,111.40000915527344,-16.257919311523438,-108.92094421386719,-50.37718200683594
126,101,3,99,99,101,-10.888656616210938,-46.92498779296875,-20.814804077148438,28.751022338867188
126,101,2,99,99,101,-20.420516967773438,-1.91656494140625,13.646865844726562,-36.11445617675781
126,101,1,99,99,101,1.740875244140625,3.289093017578125,-7.039276123046875,-3.311553955078125
126,101,3,99,99,101,-18.302963256835938,-27.076583862304688,8.216629028320312,21.680099487304688
126,101,3,99,99,101,3.7762603759765625,-35.35551452636719,-13.006011962890625,16.346878051757812
126,101,3,99,99,101,50.953704833984375,-62.636322021484375,-241.37156677246094,124.08111572265625
126,101,3,99,99,101,-21.550186157226562,16.39776611328125,-210.7205352783203,92.65174865722656
126,101,1,99,99,101,-93.23902893066406,41.93467712402344,29.698348999023438,11.74267578125
126,101,0,99,99,101,9.01336669921875,-0.2080230712890625,-12.363037109375,-9.539993286132812
126,101,3,99,99,101,-49.618408203125,-33.06884765625,-51.70256042480469,65.26225280761719
126,101,1,99,99,101,-0.213592529296875,21.634521484375,-0.1807403564453125,-31.67938232421875
126,101,3,99,99,101,26.260574340820312,-13.886947631835938,-113.68328857421875,43.95103454589844
126,101,3,99,99,101,-68.42633056640625,-24.656326293945312,-60.13938903808594,64.60272216796875
126,101,3,99,99,101,-15.695480346679688,-4.4677734375,-34.0186767578125,27.12408447265625
126,101,1,99,99,101,-64.01335144042969,55.93914794921875,18.735183715820312,-44.090484619140625
126,101,1,99,99,101,-62.015167236328125,38.32818603515625,-1.03326416015625,11.87860107421875
126,101,3,99,99,101,0.0858001708984375,11.37310791015625,-62.543914794921875,18.083175659179688
126,101,3,99,99,101,-37.302276611328125,-21.819351196289062,-26.271026611328125,36.51200866699219
126,101,1,99,99,101,14.878143310546875,15.945037841796875,-7.7720794677734375,-35.769500732421875
126,101,3,99,99,101,13.299713134765625,-5.807220458984375,-126.10215759277344,52.301300048828125
126,101,0,99,99,101,23.142166137695312,-18.606277465820312,-27.293624877929688,4.9729766845703125
126,101,1,99,99,101,-29.414901733398438,47.58882141113281,13.508346557617188,-50.12751770019531
126,101,2,99,99,101,15.659133911132812,-0.684600830078125,21.377304077148438,-44.278411865234375
126,101,3,99,99,101,-18.4600830078125,-3.134490966796875,-12.66619873046875,10.139251708984375
126,101,1,99,99,101,-23.212661743164062,21.189926147460938,1.1740570068359375,-10.580459594726562
126,101,3,99,99,101,17.285186767578125,-54.10969543457031,-46.91148376464844,30.189956665039062
126,101,3,99,99,101,-25.147415161132812,-23.741195678710938,-5.8116455078125,25.419830322265625
126,101,1,99,99,101,-81.32383728027344,52.30039978027344,18.972579956054688,-0.3823089599609375
126,101,1,99,99,101,-76.35220336914062,47.10087585449219,12.208648681640625,7.65887451171875
126,101,2,99,99,101,16.698043823242188,-1.9940338134765625,17.369369506835938,-51.639312744140625
126,101,3,99,99,101,-51.61468505859375,-11.494277954101562,-38.65098571777344,46.76971435546875
126,101,3,99,99,101,23.228607177734375,-60.53855895996094,-182.15980529785156,106.60577392578125
126,101,3,99,99,101,16.129043579101562,-73.54129028320312,-27.497222900390625,31.575042724609375
126,101,0,99,99,101,32.16596984863281,10.276702880859375,4.5640411376953125,-66.11943054199219
126,101,3,99,99,101,5.6455535888671875,-4.14215087890625,-16.968719482421875,9.55804443359375
126,101,3,99,99,101,-14.563140869140625,-16.6947021484375,-6.6652679443359375,14.051605224609375
126,101,1,99,99,101,-22.720443725585938,14.331558227539062,4.100830078125,0.151336669921875
126,101,1,99,99,101,-70.26385498046875,29.157470703125,15.452667236328125,7.2873382568359375
126,101,1,99,99,101,-94.53327941894531,31.311874389648438,30.617767333984375,22.559295654296875
126,101,1,99,99,101,-59.17097473144531,26.068435668945312,14.76922607421875,8.307998657226562
126,101,3,99,99,101,-26.195831298828125,-23.3011474609375,-35.436553955078125,36.08796691894531
126,101,3,99,99,101,-3.0564422607421875,-29.922714233398438,-25.987808227539062,25.495208740234375
126,101,2,99,99,101,-81.05392456054688,14.74285888671875,26.721527099609375,24.569808959960938
126,101,3,99,99,101,-128.99346923828125,26.033615112304688,-0.875579833984375,63.580780029296875
126,101,2,99,99,101,-30.313674926757812,5.8754425048828125,27.200271606445312,-10.41796875
126,101,1,99,99,101,-8.666580200195312,8.907730102539062,-10.272933959960938,-0.319366455078125
126,101,3,99,99,101,-29.672866821289062,-24.567657470703125,-6.7979278564453125,31.396865844726562
126,101,3,99,99,101,-12.29718017578125,-18.927352905273438,-20.87554931640625,23.791885375976562
126,101,3,99,99,101,-69.29777526855469,20.709075927734375,7.8144989013671875,28.147979736328125
126,101,3,99,99,101,-43.60479736328125,1.5737152099609375,10.440658569335938,24.934158325195312
126,101,3,99,99,101,-6.8714599609375,-6.7145538330078125,-15.084274291992188,18.292037963867188
126,101,3,99,99,101,-15.729965209960938,2.4796142578125,0.413421630859375,4.7553558349609375
126,101,0,99,99,101,26.577194213867188,-1.4109039306640625,6.89288330078125,-44.71128845214844
126,101,3,99,99,101,10.638259887695312,-34.34669494628906,-147.26185607910156,84.65150451660156
126,101,3,99,99,101,21.98736572265625,-45.44486999511719,-141.96737670898438,76.46490478515625
126,101,1,99,99,101,-43.208251953125,34.609405517578125,12.142776489257812,-25.065948486328125
126,101,3,99,99,101,-9.730941772460938,-31.45263671875,-21.101058959960938,23.4205322265625
126,101,1,99,99,101,-3.1441497802734375,34.64854431152344,14.681793212890625,-63.68418884277344
126,101,3,99,99,101,-15.853240966796875,-22.113677978515625,-5.44134521484375,20.216567993164062
126,101,1,99,99,101,-114.95329284667969,46.100494384765625,15.912857055664062,35.945098876953125
126,101,0,99,99,101,20.897384643554688,-31.86279296875,-23.971481323242188,7.875762939453125
126,101,1,99,99,101,-78.93406677246094,46.38264465332031,25.019729614257812,0.9391632080078125
126,101,3,99,99,101,13.165756225585938,-10.323226928710938,-122.60292053222656,55.09074401855469
126,101,1,99,99,101,-73.21409606933594,35.552276611328125,26.696868896484375,-1.43597412109375
126,101,3,99,99,101,-15.431854248046875,-19.464141845703125,1.336883544921875,12.333831787109375
126,101,3,99,99,101,-42.17671203613281,-13.546035766601562,-57.98152160644531,47.17665100097656
126,101,1,99,99,101,-7.522735595703125,4.0794219970703125,-5.207275390625,1.1429443359375
126,101,0,99,99,101,37.936553955078125,-34.634063720703125,-29.239227294921875,-5.7304534912109375
126,101,1,99,99,101,-143.0283660888672,97.87649536132812,45.10560607910156,-33.17840576171875
126,101,1,99,99,101,-83.36001586914062,63.70896911621094,13.01934814453125,-37.09269714355469
126,101,3,99,99,101,-10.74066162109375,-7.338104248046875,-102.59422302246094,66.21183776855469
126,101,0,99,99,101,39.312835693359375,15.85296630859375,-11.031387329101562,-61.922943115234375
126,101,3,99,99,101,-74.96710205078125,14.973190307617188,-22.642913818359375,47.96519470214844
126,101,3,99,99,101,1.2596282958984375,-8.90203857421875,-16.101669311523438,10.011749267578125
126,101,3,99,99,101,-15.749847412109375,-34.73194885253906,-18.825927734375,25.911651611328125
126,101,2,99,99,101,-13.33001708984375,-0.0090179443359375,8.55908203125,-22.49176025390625
126,101,1,99,99,101,26.671844482421875,30.518814086914062,-140.7774200439453,26.9051513671875
126,101,3,99,99,101,11.58612060546875,-22.397659301757812,-120.2828369140625,59.77497863769531
126,101,1,99,99,101,-1.2533111572265625,4.087158203125,-21.324447631835938,0.450897216796875
126,101,3,99,99,101,-50.38136291503906,-15.699752807617188,-67.41352844238281,69.56761169433594
126,101,3,99,99,101,7.494354248046875,-33.261962890625,-17.48651123046875,9.575531005859375
126,101,1,99,99,101,-23.053375244140625,20.197769165039062,8.455856323242188,-13.6380615234375
126,101,0,99,99,101,34.53831481933594,-78.88410949707031,-49.97557067871094,28.505020141601562
126,101,3,99,99,101,-51.9237060546875,11.136123657226562,-43.12590026855469,34.58549499511719
126,101,3,99,99,101,-13.438064575195312,-19.26568603515625,-10.256240844726562,20.2801513671875
126,101,3,99,99,101,-47.53144836425781,-16.236785888671875,-63.54325866699219,64.21559143066406
126,101,3,99,99,101,14.92181396484375,-66.38151550292969,-42.69273376464844,29.627517700195312
126,101,3,99,99,101,-11.164993286132812,5.837249755859375,-32.39064025878906,14.352294921875
126,101,3,99,99,101,-4.7496337890625,-2.8419342041015625,-7.9773101806640625,7.79510498046875
126,101,0,99,99,101,82.25473022460938,-11.105972290039062,-113.06889343261719,-16.108596801757812
126,101,3,99,99,101,-66.12356567382812,-43.77024841308594,-55.1068115234375,75.28837585449219
126,101,3,99,99,101,-35.232635498046875,-9.569183349609375,4.356109619140625,27.01171875
126,101,3,99,99,101,-22.270553588867188,-78.391357421875,-232.41802978515625,141.33297729492188
126,101,3,99,99,101,18.09356689453125,-21.288482666015625,-150.86703491210938,62.101776123046875
126,101,3,99,99,101,17.443099975585938,-40.272491455078125,-191.53213500976562,101.97158813476562
126,101,3,99,99,101,66.18315124511719,-93.72323608398438,-229.2624969482422,106.50979614257812
126,101,1,99,99,101,-66.027587890625,71.4471435546875,5.6584930419921875,-46.423797607421875
126,101,3,99,99,101,8.046646118164062,-43.23921203613281,-48.87544250488281,27.311050415039062
126,101,1,99,99,101,-45.93511962890625,19.966888427734375,0.8061370849609375,14.74139404296875
126,101,3,99,99,101,-61.45634460449219,-12.28338623046875,-51.48948669433594,58.842315673828125
126,101,3,99,99,101,-9.410049438476562,-16.15960693359375,-15.9581298828125,22.105392456054688
126,101,3,99,99,101,-9.0313720703125,-8.973129272460938,-87.32632446289062,46.873504638671875
126,101,3,99,99,101,-9.460968017578125,-36.813446044921875,-42.785552978515625,32.504180908203125
126,101,3,99,99,101,-17.813674926757812,-2.628387451171875,-4.6887969970703125,9.885879516601562
126,101,0,99,99,101,23.922775268554688,-6.2009429931640625,5.0298614501953125,-46.845550537109375
126,101,3,99,99,101,-31.69586181640625,1.2488250732421875,5.3797760009765625,21.412109375
126,101,0,99,99,101,49.807830810546875,-15.2244873046875,11.536376953125,-62.56477355957031
126,101,3,99,99,101,-35.20021057128906,-13.146316528320312,-19.305923461914062,32.867034912109375
126,101,3,99,99,101,-11.565643310546875,-28.451736450195312,-6.152740478515625,23.8450927734375
126,101,3,99,99,101,-50.17967224121094,-14.411102294921875,-10.765151977539062,28.34442138671875
126,101,0,99,99,101,25.838516235351562,-1.0453948974609375,14.127914428710938,-53.53956604003906
126,101,0,99,99,101,16.842453002929688,-23.687210083007812,-23.77655029296875,5.8907318115234375
126,101,3,99,99,101,-60.23805236816406,-19.181564331054688,-79.30046081542969,78.45124816894531
126,101,3,99,99,101,-40.835784912109375,-22.097579956054688,-59.72235107421875,57.628448486328125
126,101,3,99,99,101,-19.189117431640625,-20.6788330078125,-33.79296875,32.007537841796875
126,101,3,99,99,101,-0.10919189453125,-78.12042236328125,-70.08912658691406,59.58642578125
126,101,3,99,99,101,-0.872528076171875,-44.53120422363281,-21.848236083984375,23.808441162109375
126,101,0,99,99,101,61.33502197265625,22.300186157226562,3.923004150390625,-123.30294799804688
126,101,3,99,99,101,-30.291824340820312,-54.04460144042969,-56.029632568359375,66.95114135742188
126,101,0,99,99,101,61.23756408691406,-24.438858032226562,-53.099212646484375,-22.552474975585938
126,101,1,99,99,101,-13.44580078125,13.327499389648438,-14.705429077148438,1.81939697265625
126,101,0,99,99,101,9.530426025390625,-5.05157470703125,-11.804046630859375,-0.698944091796875
